"Table 2.5.3. Real Personal Consumption Expenditures by Function, Quantity Indexes"
"Table 2.5.3. Real Personal Consumption Expenditures by Function, Quantity Indexes"
"Last Revised on: September 29, 2023"
Line,,1948,1949,1950,1951,1952,1953,1954,1955,1956,1957,1958,1959,1960,1961,1962,1963,1964,1965,1966,1967,1968,1969,1970,1971,1972,1973,1974,1975,1976,1977,1978,1979,1980,1981,1982,1983,1984,1985,1986,1987,1988,1989,1990,1991,1992,1993,1994,1995,1996,1997,1998,1999,2000,2001,2002,2003,2004,2005,2006,2007,2008,2009,2010,2011,2012,2013,2014,2015,2016,2017,2018,2019,2020,2021,2022
,,,,,,,,,,,,,,,,,,,,,,,,,,,,,,,,,,,,,,,,,,,,,,,,,,,,,,,,,,,,,,,,,,,,,,,,,,,,
1,"            Personal consumption expenditures",10.546,10.839,11.535,11.716,12.086,12.659,12.923,13.877,14.282,14.636,14.763,15.605,16.033,16.362,17.171,17.880,18.944,20.146,21.288,21.924,23.188,24.053,24.619,25.559,27.124,28.466,28.228,28.868,30.477,31.765,33.155,33.943,33.837,34.307,34.809,36.779,38.714,40.719,42.400,43.836,45.667,46.998,47.945,48.032,49.799,51.534,53.531,55.110,57.022,59.169,62.312,65.665,68.973,70.681,72.478,74.771,77.590,80.338,82.666,84.675,84.802,83.695,85.290,86.741,87.928,89.461,91.993,95.096,97.430,100.000,102.741,104.798,102.154,110.741,113.545
2,Household consumption expenditures1,10.858,11.163,11.888,12.078,12.448,13.041,13.310,14.302,14.711,15.077,15.199,16.217,16.641,16.981,17.825,18.562,19.652,20.902,22.096,22.751,24.063,24.972,25.544,26.511,28.139,29.551,29.307,29.980,31.649,32.999,34.441,35.254,35.112,35.557,35.983,37.955,39.878,41.923,43.585,45.025,46.819,48.081,48.879,48.837,50.473,52.182,54.152,55.729,57.637,59.954,63.084,66.445,69.742,71.371,73.044,75.272,78.154,80.998,83.160,85.172,84.980,83.748,85.311,86.686,87.671,89.227,91.837,95.043,97.339,100.000,102.679,104.904,101.710,111.014,113.757
3,"    Food and beverages purchased for off-premises consumption",29.193,29.348,29.973,30.132,30.956,32.135,33.002,34.595,35.745,36.596,36.749,38.269,38.543,39.080,39.339,39.661,41.012,43.065,44.746,45.769,47.798,49.116,50.489,51.090,52.109,51.202,50.169,51.074,53.578,54.371,54.134,54.887,55.452,55.264,56.336,57.760,58.922,60.660,61.899,61.504,63.128,63.916,65.240,65.158,64.905,65.435,67.258,67.604,68.283,68.878,69.837,72.672,74.459,75.484,75.818,77.583,79.379,82.408,84.932,86.070,84.623,84.048,85.308,85.439,86.173,87.786,90.087,92.175,95.833,100.000,102.827,105.467,112.895,117.820,115.570
4,"        Food and nonalcoholic beverages purchased for off-premises consumption",30.158,30.576,31.176,31.636,32.754,34.187,35.457,37.373,38.763,40.034,40.272,42.018,42.427,43.079,43.200,43.474,44.987,47.423,49.250,50.396,52.415,53.486,54.592,54.711,55.459,53.920,52.282,53.262,55.940,56.428,56.053,56.637,57.065,56.718,57.797,59.287,60.722,62.439,63.728,63.457,65.319,66.092,67.248,67.926,68.188,68.604,70.248,70.383,70.787,71.154,71.770,74.486,75.829,76.608,76.789,78.885,80.772,84.030,86.377,87.507,86.141,85.773,86.741,86.690,87.168,88.833,90.784,92.324,95.853,100.000,102.618,105.136,111.221,115.862,112.776
5,"        Alcoholic beverages purchased for off-premises consumption",15.598,15.318,16.112,15.551,15.446,15.992,15.529,15.967,16.333,16.084,16.130,17.054,17.151,17.293,18.347,18.905,19.663,20.381,21.518,22.130,24.116,26.348,28.525,31.012,32.970,34.845,36.213,36.900,38.447,40.809,41.731,43.577,44.998,45.702,46.900,47.993,47.798,49.677,50.695,49.918,50.300,51.274,53.617,49.536,46.726,47.856,50.548,52.009,54.157,56.001,58.757,62.217,66.373,68.733,69.845,69.876,71.150,72.895,76.299,77.551,75.663,73.921,76.811,78.032,80.260,81.518,85.864,91.173,95.642,100.000,104.048,107.367,122.590,129.223,132.271
6,"        Food produced and consumed on farms",2170.367,2040.936,1995.464,1890.048,1834.932,1724.789,1675.393,1627.928,1565.628,1414.141,1343.238,1218.194,1101.308,1075.528,946.431,904.041,847.403,746.188,687.725,639.244,591.004,547.694,573.722,542.152,550.587,526.809,630.224,584.991,597.763,583.408,476.962,440.031,419.038,414.814,374.544,367.316,342.087,332.542,317.101,240.810,233.288,203.267,179.440,177.557,174.896,160.870,163.937,153.906,142.466,124.654,129.157,123.685,106.421,89.707,101.815,87.739,97.450,108.891,133.563,105.823,103.689,102.014,101.349,82.194,82.520,99.992,109.387,131.024,119.464,100.000,101.817,116.135,138.457,134.979,108.699
7,"    Clothing, footwear, and related services",11.576,11.596,11.841,11.766,12.346,12.465,12.489,13.029,13.328,13.222,13.295,14.562,14.655,14.887,15.495,15.743,16.871,17.549,18.605,18.701,19.394,19.716,19.433,20.062,21.400,22.731,22.174,22.606,23.528,24.696,27.082,28.452,29.155,30.774,31.140,33.225,35.904,37.442,40.147,41.657,43.016,45.264,44.971,44.844,47.208,49.101,51.759,53.910,56.440,58.239,61.711,65.636,68.683,69.158,70.933,74.080,77.161,80.930,83.518,84.967,83.811,79.500,83.040,85.490,85.508,86.966,90.194,94.176,97.190,100.000,101.870,104.183,96.294,119.810,121.712
8,"        Clothing",11.385,11.368,11.540,11.696,12.368,12.478,12.543,13.019,13.383,13.299,13.268,14.446,14.546,14.807,15.452,15.766,16.900,17.638,18.749,18.835,19.469,19.717,19.574,20.280,21.644,22.999,22.567,23.083,24.084,25.277,27.674,29.056,29.853,31.479,32.110,34.308,37.266,38.797,41.575,43.144,44.641,46.896,46.391,46.474,49.148,51.159,53.797,55.984,58.505,60.373,63.913,67.803,70.993,71.599,73.680,76.813,79.769,83.576,85.665,86.661,85.529,81.236,84.838,86.773,86.220,87.457,90.444,94.584,97.176,100.000,101.482,103.951,96.343,120.128,122.465
9,"            Garments",9.009,9.017,9.160,9.262,9.921,10.050,10.143,10.598,10.936,10.879,10.893,11.542,11.683,11.939,12.515,12.808,13.848,14.477,15.477,15.615,16.201,16.489,16.458,17.195,18.432,19.791,19.527,20.177,21.108,22.258,24.604,26.102,27.013,28.801,29.532,31.632,34.468,35.976,38.658,40.030,41.314,43.462,43.026,43.289,45.848,47.875,50.496,52.649,55.120,56.947,60.326,64.074,67.183,67.914,70.213,73.639,76.973,81.186,83.527,84.837,84.016,79.876,83.817,86.147,85.727,86.959,90.000,94.368,97.151,100.000,101.568,104.401,97.625,122.909,125.621
10,"                Women's and girls' clothing",---,---,---,---,---,---,---,---,---,---,---,10.578,10.761,11.048,11.682,12.016,13.011,13.524,14.408,14.290,14.817,15.037,15.030,15.800,16.657,17.799,17.577,18.230,19.052,20.009,22.306,23.835,24.955,27.053,28.083,30.521,33.677,35.454,38.743,39.827,40.824,43.126,42.312,42.586,45.393,47.158,49.095,51.211,53.697,54.973,58.943,63.820,67.905,68.895,71.571,75.222,79.107,83.985,86.308,87.819,87.099,82.520,86.595,89.169,89.254,89.881,91.811,96.475,98.307,100.000,103.064,107.696,101.807,129.542,132.596
11,"                Men's and boys' clothing",---,---,---,---,---,---,---,---,---,---,---,14.498,14.527,14.698,15.166,15.319,16.578,17.396,18.700,19.337,20.040,20.271,19.962,20.857,22.801,24.486,24.116,24.991,26.072,27.697,30.041,31.313,31.768,32.945,32.911,34.639,37.077,38.302,40.316,42.211,43.996,46.121,46.547,46.923,49.470,52.058,56.076,58.507,61.413,64.225,66.616,68.822,70.565,70.552,72.178,74.837,76.690,79.235,80.933,80.916,79.145,75.516,79.734,82.005,82.047,83.373,88.024,92.111,95.710,100.000,100.700,101.290,92.786,115.278,118.164
12,"                Children's and infants' clothing",---,---,---,---,---,---,---,---,---,---,---,3.793,4.019,4.359,4.670,5.273,5.282,6.309,6.810,7.390,8.001,9.965,11.839,10.580,12.707,15.178,15.062,14.112,15.448,16.075,18.862,21.195,22.248,23.974,25.739,26.458,28.279,28.697,29.180,30.535,31.927,32.786,31.462,31.084,31.497,33.048,34.732,35.812,36.024,37.542,41.031,43.385,45.531,47.812,50.390,55.690,61.760,68.790,74.382,80.453,83.417,80.249,81.820,82.509,75.799,81.406,85.371,88.776,95.032,100.000,94.021,94.015,89.118,109.648,108.915
13,"            Other clothing materials",46.583,48.452,52.109,59.236,54.124,49.451,44.814,45.005,46.900,46.955,47.420,53.085,51.767,52.911,56.395,55.867,52.404,55.640,62.274,58.327,59.218,55.525,53.558,62.081,70.020,74.899,76.013,69.151,80.127,81.591,85.905,83.625,85.639,83.296,86.356,89.179,93.657,94.139,100.479,110.793,109.930,111.820,104.486,105.127,106.848,108.131,105.331,94.812,96.866,98.727,108.778,121.478,131.931,138.184,151.475,152.343,145.489,140.856,135.906,130.190,127.116,124.765,124.476,122.461,122.178,116.540,110.559,107.324,99.516,100.000,98.885,92.295,97.722,99.082,95.433
14,"            Cleaning, repair, and rental of clothing",145.069,140.692,139.460,137.262,140.976,143.089,144.444,144.951,144.792,142.635,138.557,178.982,175.561,173.729,174.704,175.992,183.451,188.424,189.252,187.344,188.814,187.113,178.645,166.095,166.415,157.141,142.139,133.942,129.170,128.728,124.718,115.803,106.712,97.820,90.682,94.291,98.523,99.673,102.040,107.070,117.454,122.236,122.087,114.254,119.761,119.758,123.209,130.015,133.119,135.486,140.665,144.844,147.201,142.248,134.546,129.926,125.406,120.993,118.677,114.024,106.599,98.824,96.424,91.414,88.168,90.989,94.777,96.079,97.185,100.000,100.466,98.526,75.711,80.959,78.888
15,"                Laundry and dry cleaning services",---,---,---,---,---,---,---,---,---,---,---,135.259,129.646,126.197,124.862,123.915,132.850,144.013,152.120,155.224,155.448,152.208,144.455,132.660,132.712,112.638,99.605,90.592,86.144,86.148,86.890,81.599,76.135,68.212,59.168,63.322,65.941,64.981,66.219,72.081,78.245,80.465,75.428,78.527,97.317,99.295,104.870,111.572,116.565,119.703,124.922,130.732,135.921,133.354,130.210,126.502,122.824,119.918,119.493,115.770,108.674,102.245,100.459,98.540,96.325,99.087,102.038,101.025,99.502,100.000,99.562,96.290,73.889,77.754,76.324
16,"                Clothing repair, rental, and alterations",---,---,---,---,---,---,---,---,---,---,---,306.940,309.627,312.413,320.091,327.936,330.866,317.261,296.419,279.710,284.828,287.665,277.169,262.459,263.547,284.487,263.686,257.795,252.130,250.414,232.891,213.639,194.205,182.488,180.671,182.767,191.603,198.736,204.317,207.037,229.457,241.527,255.212,216.365,184.300,178.689,176.160,183.318,181.104,181.311,186.416,185.977,180.319,168.623,148.068,140.841,133.915,125.292,117.820,110.619,102.239,90.882,86.889,74.046,68.232,71.197,77.007,83.920,91.447,100.000,102.741,104.165,80.301,88.993,85.322
17,"        Footwear2",13.110,13.373,14.085,12.599,12.647,12.821,12.605,13.536,13.475,13.239,13.890,15.700,15.756,15.837,16.262,16.156,17.290,17.661,18.455,18.609,19.631,20.353,19.335,19.589,20.842,22.090,20.878,20.899,21.442,22.518,24.929,26.270,26.555,28.173,27.354,28.971,30.436,32.035,34.469,35.736,36.486,38.753,39.420,38.331,39.328,40.725,43.512,45.542,48.144,49.662,52.887,57.017,59.481,59.379,59.831,63.082,66.734,70.369,75.028,78.342,77.087,72.695,75.992,80.461,82.742,85.077,89.252,92.622,97.242,100.000,103.347,105.074,96.142,118.691,119.034
18,"    Housing, utilities, and fuels",12.002,12.515,13.485,14.417,15.247,15.989,16.823,17.760,18.666,19.543,20.513,21.527,22.543,23.496,24.777,25.936,27.194,28.628,29.909,31.186,32.577,34.202,35.360,36.782,38.812,40.682,42.057,43.327,44.727,45.832,47.881,49.265,50.231,50.535,50.776,51.840,53.521,55.600,56.985,58.477,60.476,61.921,62.956,64.309,65.625,67.405,69.628,71.746,73.346,74.816,77.081,79.372,81.665,83.817,84.181,85.384,87.478,90.807,91.753,93.643,96.029,96.501,98.560,98.748,98.378,99.504,99.521,99.395,99.848,100.000,101.446,102.267,104.397,107.187,108.180
19,"        Housing",9.776,10.416,11.147,11.969,12.751,13.438,14.095,14.806,15.540,16.332,17.123,18.048,18.986,19.915,21.024,21.969,23.017,24.264,25.362,26.488,27.815,29.325,30.405,31.828,33.494,35.159,37.039,38.097,39.176,40.141,42.146,43.859,45.424,46.476,46.814,47.689,49.546,51.583,53.130,54.477,56.185,57.600,59.115,60.406,62.017,63.410,65.663,67.880,69.314,71.132,73.466,75.824,78.218,80.856,80.920,82.063,84.517,88.333,89.871,91.853,95.168,95.491,97.718,98.468,98.635,99.531,99.313,99.293,99.866,100.000,100.778,101.881,104.480,107.780,108.535
20,"            Rental of tenant-occupied nonfarm housing3",15.412,16.291,17.078,18.008,18.782,19.507,19.989,20.389,20.855,21.725,22.602,23.635,24.678,25.961,27.393,28.757,30.264,31.929,33.358,34.755,36.877,38.760,40.169,42.018,44.025,46.152,47.308,48.261,49.400,50.289,51.172,51.715,53.091,54.754,56.101,57.366,59.896,64.443,67.046,67.917,68.862,69.311,71.500,72.084,73.010,73.487,74.715,77.326,77.567,78.284,79.674,80.822,81.564,83.096,82.004,80.817,82.558,85.511,85.444,86.806,89.521,91.821,95.511,98.392,101.214,101.883,102.598,102.755,102.410,100.000,101.326,102.376,102.302,106.455,105.766
21,"            Imputed rental of owner-occupied nonfarm housing4",7.165,7.736,8.444,9.226,10.007,10.680,11.381,12.177,12.978,13.737,14.513,15.430,16.361,17.200,18.243,19.091,20.010,21.147,22.159,23.194,24.306,25.715,26.725,28.066,29.680,31.255,33.354,34.447,35.533,36.557,38.936,41.028,42.690,43.603,43.673,44.473,46.164,47.523,48.796,50.293,52.231,53.926,55.255,56.754,58.591,60.261,62.830,64.960,66.735,68.853,71.440,74.144,77.006,79.978,80.364,82.164,84.860,88.977,90.993,93.178,96.719,96.474,98.310,98.445,97.819,98.802,98.292,98.227,99.093,100.000,100.619,101.756,105.232,108.316,109.521
22,"            Rental value of farm dwellings",76.806,78.315,79.527,80.587,81.321,81.994,82.502,82.652,83.023,83.300,83.482,83.918,84.123,84.691,85.090,85.515,86.065,86.399,86.946,87.590,88.144,88.588,88.791,88.999,89.374,89.425,90.517,91.008,91.442,92.415,93.146,93.043,93.377,93.143,92.611,92.170,91.810,91.427,91.219,91.401,91.005,91.227,91.625,91.655,91.526,91.201,91.613,91.716,92.172,94.941,97.913,99.462,101.549,102.850,103.918,104.727,104.220,104.341,104.337,104.261,104.018,103.605,103.058,102.464,102.067,100.810,100.465,100.282,100.086,100.000,99.908,99.770,99.679,99.637,99.553
23,"            Group housing",113.628,107.631,108.206,112.268,115.902,119.562,123.196,127.619,134.017,142.225,139.399,125.552,117.271,113.697,103.895,96.331,102.306,109.435,112.589,132.064,138.719,153.637,153.363,147.034,142.087,141.750,150.433,157.787,152.857,131.411,110.669,99.810,86.589,77.220,73.803,60.374,61.317,55.530,49.052,46.932,50.949,55.105,59.502,62.256,54.578,56.891,56.120,58.580,62.907,61.760,64.843,65.230,64.791,62.104,56.408,58.702,58.840,58.962,61.430,66.008,67.529,69.444,71.278,76.907,87.299,94.583,103.901,100.054,97.756,100.000,103.572,103.334,92.220,94.583,98.357
24,"        Household utilities and fuels",26.097,25.638,28.165,29.734,30.751,31.726,33.734,36.207,38.226,39.527,41.645,43.073,44.396,45.252,47.534,50.070,52.644,55.146,57.515,59.600,61.043,63.041,64.432,65.354,69.703,72.645,70.067,72.585,75.888,77.779,79.982,79.406,77.168,73.724,73.507,75.558,76.505,78.917,79.505,81.830,85.527,87.141,85.324,87.037,86.588,90.656,92.678,94.168,96.754,96.056,97.822,99.583,101.135,100.173,102.445,103.999,103.783,104.176,101.806,103.188,100.667,101.908,103.060,100.275,97.059,99.419,100.679,99.976,99.744,100.000,105.336,104.484,103.747,103.438,105.782
25,"            Water supply and sanitation",20.877,21.681,22.227,23.016,23.447,24.005,24.358,24.421,25.379,25.150,24.177,26.311,28.885,30.254,32.229,35.264,36.809,38.402,38.809,39.056,40.476,43.280,45.976,46.774,50.831,53.372,55.779,56.423,55.808,55.923,56.580,60.338,63.091,62.745,62.326,64.624,69.002,73.876,78.460,81.824,83.870,86.999,87.340,86.079,84.461,88.508,92.502,95.966,99.087,101.272,102.898,106.170,107.240,108.241,109.317,109.300,107.049,106.081,108.088,106.827,107.375,104.993,103.571,102.308,101.114,100.167,99.999,96.855,97.232,100.000,101.169,101.782,98.818,97.569,100.266
26,"            Electricity, gas, and other fuels",27.305,26.691,29.509,31.206,32.319,33.369,35.644,38.516,40.726,42.290,44.956,46.263,47.359,48.121,50.463,52.900,55.673,58.350,61.114,63.576,65.011,66.808,67.874,68.811,73.157,76.148,72.499,75.377,79.441,81.676,84.179,82.747,79.631,75.677,75.491,77.506,77.875,79.857,79.694,81.806,85.858,87.131,84.813,87.247,87.098,91.169,92.644,93.564,95.991,94.449,96.256,97.535,99.240,97.700,100.330,102.365,102.758,103.548,99.973,102.074,98.733,100.985,102.935,99.662,95.769,99.289,101.054,101.250,100.774,100.000,107.048,105.579,105.821,105.925,108.137
27,"                Electricity",7.373,8.231,9.353,10.380,11.391,12.436,13.558,14.569,15.804,16.946,17.895,19.004,20.105,21.083,22.471,23.637,25.087,26.433,28.178,29.901,31.910,33.846,35.895,37.236,39.449,41.866,42.890,45.758,47.905,52.276,54.804,55.823,58.297,57.913,58.329,61.955,62.463,64.590,65.229,68.264,71.156,72.164,72.678,74.775,73.483,77.679,79.297,80.371,81.687,81.444,87.245,88.094,91.120,89.422,93.573,95.138,96.980,101.379,98.970,100.411,98.961,96.969,102.793,100.857,98.811,100.257,100.812,101.036,101.812,100.000,106.584,104.491,106.243,106.725,110.453
28,"                Natural gas",21.551,23.094,26.341,29.831,32.505,35.099,39.683,44.650,49.699,52.851,58.974,64.211,67.360,70.970,76.203,79.522,82.929,86.147,89.466,93.716,96.614,101.309,102.694,103.567,107.860,104.710,103.679,106.675,108.110,104.474,107.956,106.272,105.812,101.764,103.899,100.727,100.935,102.222,96.603,97.303,104.231,108.110,99.762,103.412,106.167,109.237,108.352,107.523,115.989,112.898,101.635,102.669,105.982,104.753,102.403,105.822,104.567,102.901,98.160,102.162,99.189,108.267,103.756,101.895,95.964,104.593,107.738,104.570,98.075,100.000,113.372,113.690,106.040,107.276,113.353
29,"                Fuel oil and other fuels",351.371,309.969,333.087,332.346,322.986,312.151,318.235,338.204,338.885,336.017,348.803,333.200,320.983,302.107,302.164,316.581,331.958,348.208,358.067,358.747,338.986,321.395,299.586,290.245,319.867,346.627,271.835,269.923,301.571,290.998,287.056,259.460,198.671,165.754,154.882,157.956,157.487,160.207,171.014,164.813,171.493,165.640,149.702,151.293,156.002,159.941,167.838,172.821,167.221,155.029,152.924,160.577,141.012,140.146,144.914,146.234,139.447,120.962,112.995,114.192,98.918,111.463,100.819,87.028,76.657,83.412,89.596,95.790,97.937,100.000,97.619,97.201,102.121,96.517,81.958
30,"    Furnishings, household equipment, and routine household maintenance",9.539,9.614,10.896,10.525,10.418,10.704,10.629,11.923,12.489,12.400,12.373,13.349,13.400,13.660,14.398,15.101,16.468,17.413,18.680,19.105,19.925,20.181,20.050,20.390,21.952,23.899,23.335,21.848,22.863,24.358,25.713,26.826,26.250,26.018,25.196,26.794,29.272,30.459,32.469,33.410,34.578,36.067,36.047,35.229,36.600,38.528,40.944,42.825,44.485,46.646,49.781,53.737,57.207,58.704,61.434,65.335,70.148,73.684,76.586,77.958,74.763,68.879,71.675,74.483,76.766,80.364,85.741,90.845,95.101,100.000,105.181,107.473,114.163,124.605,122.507
31,"        Furniture, furnishings, and floor coverings5",7.055,7.026,7.836,7.469,7.677,8.009,8.033,9.211,9.593,9.389,9.379,9.574,9.490,9.493,10.131,11.005,12.377,13.147,13.915,13.993,14.758,14.874,14.610,15.148,16.951,18.667,18.639,17.668,18.789,20.692,21.694,22.627,21.235,20.565,19.295,21.289,23.639,24.666,26.832,28.582,29.463,31.139,30.317,29.409,29.853,31.197,32.986,34.333,35.960,38.157,41.058,45.337,49.908,51.734,55.035,58.814,64.854,70.277,74.773,77.097,70.963,62.995,66.280,68.668,70.968,74.452,80.292,87.291,93.457,100.000,107.310,109.353,116.737,133.859,126.994
32,"        Household textiles",6.018,6.871,7.729,7.640,7.689,7.591,7.281,7.820,8.022,8.022,7.798,6.192,6.106,6.248,6.734,6.903,7.609,8.133,8.822,9.036,9.310,8.947,8.654,8.492,8.758,9.505,8.798,8.563,8.925,9.163,9.597,9.918,9.919,10.174,9.839,10.717,11.889,12.749,14.332,15.054,15.331,15.482,15.404,15.480,16.443,17.534,19.134,20.569,22.368,23.900,25.273,27.090,28.582,29.443,31.068,35.448,39.972,44.066,48.595,51.879,52.887,52.711,58.832,64.625,71.262,76.160,80.819,88.251,93.047,100.000,105.932,113.027,121.310,142.738,148.569
33,"        Household appliances6",5.618,5.238,6.666,6.150,6.085,6.414,6.607,7.523,8.357,8.449,8.329,10.235,10.147,10.355,10.680,11.324,12.332,12.726,14.122,14.698,15.981,16.941,17.402,18.390,20.464,22.480,22.367,20.671,21.339,22.811,23.297,24.302,23.709,23.124,21.117,22.610,24.563,26.958,28.781,29.199,30.364,31.844,31.730,31.602,33.135,34.419,35.327,37.215,37.907,38.175,41.671,46.595,50.360,52.764,55.761,59.464,66.017,68.188,69.254,66.856,65.016,60.047,63.920,66.764,66.985,72.553,79.510,86.543,93.829,100.000,98.593,97.676,102.198,109.968,108.691
34,"        Glassware, tableware, and household utensils7",15.402,14.397,14.988,14.581,13.898,14.023,13.922,14.547,13.897,12.733,12.177,12.508,12.125,12.108,12.504,12.385,13.599,15.172,17.143,17.924,18.366,18.521,18.242,18.583,19.452,21.253,20.801,19.544,20.872,22.525,24.557,25.284,25.335,25.790,26.836,27.457,28.906,29.425,30.135,29.378,31.369,33.242,34.198,33.747,35.789,37.951,40.325,42.899,45.287,47.255,51.000,58.674,65.644,71.018,79.367,85.444,89.347,92.881,98.250,98.205,90.022,80.839,80.641,79.723,78.855,81.000,85.855,91.116,95.342,100.000,109.962,117.245,131.452,148.837,151.117
35,"        Tools and equipment for house and garden",3.102,3.184,3.576,3.651,3.264,2.975,2.584,2.741,2.808,2.804,2.787,2.965,3.112,3.174,3.460,3.663,4.063,4.673,5.484,5.879,6.212,6.339,6.535,7.036,7.766,9.104,9.727,10.028,11.136,12.631,14.096,15.414,15.612,15.849,15.504,16.327,17.759,17.769,19.090,20.146,21.596,23.731,24.685,24.855,26.930,28.982,31.077,32.318,33.245,34.799,37.987,41.200,42.973,44.541,46.301,49.149,52.252,52.962,53.024,49.931,50.435,47.503,51.252,55.193,59.189,65.614,73.525,81.047,90.497,100.000,104.998,106.520,122.363,132.996,129.629
36,"        Other household goods and services8",22.543,23.284,25.527,25.350,24.373,25.123,24.730,27.993,29.421,29.889,30.656,36.836,38.145,39.732,41.567,42.650,44.721,46.497,48.494,49.519,50.311,50.987,50.741,49.697,51.143,54.127,51.097,46.271,47.278,48.296,51.463,53.684,53.987,54.014,53.947,55.644,60.426,61.484,63.692,63.793,65.610,67.188,68.256,65.612,68.144,71.895,77.005,79.639,81.085,84.805,88.728,90.758,91.771,90.513,90.391,92.939,94.919,95.968,95.718,98.185,96.735,90.457,90.686,93.189,94.751,96.370,100.100,100.284,99.397,100.000,104.504,105.788,108.416,108.261,107.412
37,"    Health",5.995,6.151,6.498,6.802,7.142,7.472,7.897,8.186,8.753,9.264,9.880,10.596,10.881,11.504,12.631,13.455,14.791,15.482,16.321,17.036,18.447,19.854,21.144,22.531,24.144,25.913,26.878,28.113,29.279,30.530,32.018,33.299,34.305,35.866,35.968,37.164,37.985,39.226,40.577,42.348,44.166,44.904,46.628,47.386,48.676,49.069,49.692,50.933,52.321,54.372,56.796,58.487,61.017,64.247,68.075,70.409,73.042,75.396,77.743,80.030,81.697,83.256,84.344,85.655,87.014,88.069,91.035,95.403,98.217,100.000,102.634,106.718,101.723,109.802,113.515
38,"        Medical products, appliances, and equipment",3.035,3.150,3.416,3.762,3.901,4.045,4.056,4.294,4.719,5.034,5.165,5.480,5.922,6.549,7.384,7.840,8.187,8.609,9.063,9.341,10.360,11.266,12.686,13.093,14.264,15.421,16.258,16.453,16.884,16.931,18.119,19.689,20.486,21.016,21.140,22.388,23.871,25.013,26.441,27.968,29.867,31.442,33.647,33.553,33.794,34.782,36.417,38.405,41.167,44.952,50.286,55.765,60.694,64.798,68.719,73.486,76.987,79.177,84.558,88.998,89.441,90.024,90.299,91.791,92.295,94.558,98.379,101.083,100.012,100.000,103.162,109.605,115.806,122.083,127.782
39,"            Pharmaceutical and other medical products9",2.670,2.787,3.044,3.382,3.494,3.604,3.619,3.916,4.315,4.690,4.865,5.260,5.780,6.517,7.254,7.837,8.081,8.439,8.785,9.448,10.430,11.301,12.814,13.413,14.606,15.772,16.597,16.675,17.183,17.162,18.404,20.008,20.867,21.358,21.331,22.420,23.541,24.294,25.374,26.589,27.943,29.598,31.316,32.020,32.366,33.435,34.906,37.299,39.927,43.689,49.250,55.193,60.392,65.646,69.545,74.381,77.626,79.300,84.774,88.769,89.553,90.556,90.302,91.608,92.157,94.550,98.809,101.472,100.154,100.000,103.026,109.755,116.738,120.891,127.151
40,"                Pharmaceutical products",---,---,---,---,---,---,---,---,---,---,---,5.195,5.689,6.424,7.152,7.822,8.031,8.377,8.700,9.446,10.414,11.274,12.762,13.349,14.568,15.726,16.463,16.545,17.095,17.061,18.288,19.912,20.809,21.350,21.346,22.428,23.528,24.260,25.330,26.537,27.890,29.528,31.232,31.929,32.295,33.396,34.912,37.375,40.072,43.908,49.488,55.459,60.670,65.971,69.892,74.725,77.914,79.530,84.981,88.929,89.708,90.754,90.413,91.680,92.162,94.577,98.873,101.516,100.154,100.000,102.995,109.748,116.703,120.652,126.905
41,"                Other medical products",---,---,---,---,---,---,---,---,---,---,---,7.512,9.027,9.828,10.879,7.875,9.515,10.338,11.577,8.900,10.328,11.598,14.006,15.036,15.132,16.523,20.744,20.651,19.476,19.976,21.741,22.434,21.765,20.181,19.260,20.537,22.481,24.060,25.570,27.013,28.334,30.696,32.919,33.934,33.191,32.503,31.582,30.198,29.118,28.827,32.960,36.945,41.185,43.457,45.888,50.704,57.327,62.690,69.521,76.572,77.610,75.704,81.633,85.794,91.419,92.075,93.486,97.793,100.130,100.000,105.823,110.316,119.866,142.615,149.524
42,"            Therapeutic appliances and equipment",4.848,4.956,5.277,5.677,5.944,6.251,6.242,6.209,6.774,6.816,6.738,6.680,6.763,6.898,8.198,8.115,8.918,9.628,10.551,9.264,10.468,11.547,12.664,12.368,13.495,14.659,15.561,16.165,16.343,16.626,17.656,19.160,19.759,20.446,21.126,23.021,25.973,28.738,31.652,34.543,38.823,40.075,44.496,40.697,40.440,41.032,43.442,43.488,46.871,50.750,54.965,58.142,61.668,59.857,63.866,68.236,73.150,78.235,83.071,90.064,88.535,86.632,90.125,92.788,93.004,94.419,95.350,98.323,98.989,100.000,104.158,108.527,109.034,130.861,132.490
43,"        Outpatient services",6.856,6.844,7.092,7.334,7.626,7.968,8.595,8.658,9.094,9.562,10.254,10.911,11.279,11.621,12.577,13.195,15.113,15.633,15.761,15.660,16.232,16.955,17.723,17.952,18.964,20.844,21.266,22.074,22.539,23.640,24.240,25.091,25.954,27.829,27.820,29.542,31.049,32.704,33.996,36.698,38.928,40.118,42.699,44.099,46.500,46.728,47.235,48.870,50.215,51.402,53.052,54.079,56.631,59.838,63.852,66.875,69.869,72.229,73.923,75.180,77.586,78.418,79.412,81.110,82.902,83.508,86.611,91.903,96.432,100.000,103.299,107.174,100.354,109.827,114.085
44,"            Physician services10",8.454,8.490,8.807,9.179,9.486,9.868,10.625,10.548,11.089,11.638,12.604,13.156,13.390,13.483,14.392,14.989,17.183,17.392,17.387,18.020,18.567,19.636,20.628,21.165,22.266,23.913,24.184,24.914,24.575,25.831,26.272,27.316,28.757,30.549,30.571,31.924,33.207,34.777,35.718,38.633,40.899,41.299,42.598,43.249,44.559,43.111,42.627,43.351,44.394,45.589,47.240,48.520,51.547,54.506,58.953,62.939,66.517,69.435,71.810,72.388,75.417,75.950,76.632,78.427,80.175,80.730,84.132,90.572,95.917,100.000,102.811,106.455,100.523,107.742,111.942
45,"            Dental services",17.345,17.029,17.616,17.901,19.187,20.386,22.335,23.477,24.585,25.829,26.726,26.794,27.324,28.340,29.592,29.256,33.147,34.059,34.763,37.346,38.894,42.240,45.054,44.644,47.124,53.296,54.581,55.996,59.152,61.181,63.115,63.085,63.023,67.553,67.557,68.774,69.454,71.565,72.754,75.305,74.912,75.344,75.609,74.025,76.663,76.659,78.128,80.124,80.658,82.135,84.501,86.438,89.852,94.163,98.261,97.207,99.142,99.112,98.100,98.892,98.672,96.095,95.729,94.754,93.809,92.033,92.925,94.861,97.287,100.000,102.157,104.633,85.176,102.057,107.973
46,"            Paramedical services",1.960,1.958,2.024,2.075,2.096,2.164,2.276,2.259,2.378,2.537,2.781,3.681,4.168,4.665,5.553,6.370,7.358,8.167,8.338,6.692,7.042,6.690,6.665,6.602,7.103,8.233,8.637,9.350,10.292,10.890,11.375,12.044,12.215,13.489,13.437,15.616,17.483,19.029,20.746,22.955,25.532,28.040,32.999,36.183,40.179,43.257,45.202,48.233,50.230,51.276,52.674,52.998,54.430,57.652,60.816,63.335,65.623,67.746,69.147,71.625,73.851,76.257,78.191,80.609,83.385,84.890,88.279,92.922,96.925,100.000,104.475,109.226,105.789,115.939,119.654
47,"                Home health care",---,---,---,---,---,---,---,---,---,---,---,---,---,---,---,---,---,---,---,---,---,---,---,---,---,---,---,---,---,---,---,---,---,---,---,---,---,---,---,20.174,20.836,23.626,28.766,32.937,38.740,44.293,48.982,54.620,57.323,56.075,54.162,51.186,48.913,50.585,51.216,54.465,56.940,59.704,61.772,65.854,69.066,72.874,75.438,80.026,83.923,86.897,89.904,93.600,95.959,100.000,103.309,108.413,104.712,110.409,115.189
48,"                Medical laboratories",---,---,---,---,---,---,---,---,---,---,---,---,---,---,---,---,---,---,---,---,---,---,---,---,---,---,---,---,---,---,---,---,---,---,---,---,---,---,---,16.488,19.682,22.063,24.736,27.019,29.209,29.326,30.098,29.528,31.224,35.018,40.418,44.596,50.788,57.200,59.911,64.624,68.895,71.372,74.631,74.978,81.366,86.035,87.392,89.513,89.703,90.552,92.296,95.081,97.325,100.000,100.671,103.905,109.819,128.714,132.335
49,"                Other professional medical services11",---,---,---,---,---,---,---,---,---,---,---,---,---,---,---,---,---,---,---,---,---,---,---,---,---,---,---,---,---,---,---,---,---,---,---,---,---,---,---,25.996,29.541,31.895,37.260,40.052,43.384,45.683,46.267,48.606,50.239,51.975,54.406,55.810,58.368,61.776,66.556,68.135,69.866,71.537,72.146,74.196,74.989,76.164,77.880,79.207,81.913,82.782,86.684,92.165,97.349,100.000,105.761,110.597,105.664,116.717,119.876
50,"        Hospital and nursing home services",5.981,6.387,6.814,6.955,7.494,7.914,8.438,9.003,9.694,10.299,11.196,12.228,12.043,12.804,14.086,15.321,16.463,17.450,19.419,21.520,24.104,26.569,28.195,31.707,34.188,35.925,37.564,39.893,42.333,44.374,47.084,48.621,49.829,51.406,51.627,52.071,51.673,52.403,53.712,54.385,55.579,55.347,55.825,56.259,56.825,57.121,57.421,57.926,58.778,60.987,62.989,63.765,65.230,68.083,71.653,72.252,74.165,76.570,78.295,80.672,82.128,84.730,86.216,87.102,88.408,89.384,91.888,96.108,99.014,100.000,101.849,105.155,97.263,104.865,107.382
51,"            Hospitals12",7.168,7.654,8.165,8.334,8.981,9.484,10.112,10.788,11.616,12.341,13.416,14.641,13.855,14.495,15.827,16.941,17.664,18.888,20.792,22.845,25.393,27.599,29.177,32.695,35.309,36.994,38.797,41.316,43.985,46.068,48.832,50.555,51.705,53.482,53.934,53.613,52.597,53.071,54.086,54.897,55.468,54.742,54.372,54.656,54.905,54.961,55.150,55.206,55.873,58.003,60.010,61.144,62.862,66.201,70.224,70.397,72.429,74.872,76.693,79.041,80.463,83.353,84.647,85.791,87.224,88.219,90.798,95.539,98.711,100.000,102.355,106.280,98.512,107.615,109.624
52,"            Nursing homes",1.287,1.374,1.466,1.496,1.612,1.702,1.815,1.937,2.085,2.215,2.408,2.670,4.621,5.776,6.797,8.397,11.002,11.053,13.136,15.280,17.827,21.080,22.779,26.034,27.873,29.688,30.619,32.104,33.542,35.302,37.645,38.381,39.748,40.437,39.666,43.537,46.043,47.991,50.736,50.693,55.132,57.618,62.943,64.266,66.795,68.644,69.666,73.088,75.085,77.725,79.664,78.349,78.376,78.566,79.700,82.633,83.885,86.081,87.267,89.804,91.454,92.469,95.016,94.468,95.067,95.935,98.010,99.275,100.690,100.000,99.075,99.028,90.481,90.019,95.279
53,"    Transportation",10.572,11.977,13.734,12.914,12.573,14.251,13.942,16.804,15.838,16.436,15.207,16.902,17.699,16.951,18.760,20.249,21.366,23.591,24.473,24.681,27.409,28.827,28.059,31.223,34.113,36.337,32.977,33.326,37.056,39.845,41.192,40.177,36.680,36.862,37.210,41.021,45.530,49.678,52.625,52.400,55.068,55.637,55.086,51.139,54.316,56.902,60.304,61.410,64.663,68.644,73.453,78.375,80.572,82.158,83.542,84.982,87.158,87.050,85.869,86.805,80.817,76.820,78.025,79.444,81.627,84.957,88.516,93.565,96.420,100.000,102.952,103.260,90.106,105.345,105.532
54,"        Motor vehicles",6.806,9.195,11.958,10.060,8.800,11.440,10.953,15.212,12.607,13.072,10.425,12.525,13.277,11.637,13.995,15.904,16.746,19.724,19.908,19.249,22.396,22.884,19.786,23.890,27.328,29.721,23.838,23.725,29.525,32.916,34.245,31.587,26.708,27.194,27.971,33.886,40.099,45.996,49.844,47.488,50.071,49.930,48.687,42.156,46.029,48.343,51.071,49.808,52.083,55.790,62.374,68.520,70.863,75.300,79.816,81.992,83.899,82.070,78.412,79.997,68.989,64.265,66.590,68.376,74.028,77.970,83.571,90.933,93.849,100.000,104.300,102.105,100.496,115.741,107.246
55,"            New motor vehicles",7.564,10.320,13.653,11.070,9.320,12.735,12.230,17.276,13.824,14.186,10.620,13.744,14.786,12.722,15.964,18.463,19.661,23.517,23.776,22.528,27.010,27.465,23.318,29.164,33.839,37.233,28.871,28.893,36.699,41.752,43.601,39.618,32.509,33.404,34.939,43.917,51.327,58.712,64.020,59.744,63.109,62.197,58.861,47.497,51.956,55.353,58.130,55.312,56.284,59.289,65.896,73.538,77.546,85.116,91.617,96.031,96.991,95.159,89.674,90.674,73.137,64.704,69.796,77.424,86.763,90.368,95.095,98.801,97.373,100.000,102.514,101.914,103.743,117.845,113.740
56,"            Net purchases of used motor vehicles",8.658,11.134,12.919,13.766,14.951,13.015,11.330,13.367,14.030,15.411,16.139,14.218,13.951,13.426,13.123,13.604,13.488,14.605,14.610,15.631,15.643,16.395,15.502,15.663,16.549,16.844,16.045,15.579,17.681,17.880,18.247,18.163,17.680,17.309,16.605,17.108,21.361,24.777,26.145,27.076,28.362,29.467,31.690,33.481,36.389,36.854,39.500,40.639,44.790,49.452,55.867,59.660,59.504,59.306,60.895,59.803,63.090,61.299,60.368,62.763,61.638,62.764,60.775,53.778,53.788,58.203,65.097,78.132,88.004,100.000,107.304,102.445,95.186,112.053,97.712
57,"        Motor vehicle operation",12.195,12.852,13.688,14.378,15.361,15.978,16.150,17.677,18.717,19.635,20.468,21.736,22.687,23.224,24.432,25.441,26.928,28.139,29.890,30.981,33.140,35.539,37.777,40.129,42.289,44.343,42.795,43.911,45.647,47.924,49.425,49.672,47.346,48.047,48.096,50.533,53.933,57.080,58.970,60.890,63.921,65.246,65.092,62.829,66.007,68.840,72.318,75.414,78.976,82.960,85.420,88.855,89.895,89.294,87.582,87.943,89.805,91.407,92.004,92.326,88.809,84.627,85.398,85.867,86.390,88.974,91.253,95.623,98.645,100.000,100.717,101.312,90.636,100.556,100.139
58,"            Motor vehicle parts and accessories",5.191,4.812,5.949,5.136,5.576,5.061,4.663,5.583,6.043,6.820,7.311,8.263,8.895,9.465,10.386,10.896,11.702,12.016,12.846,13.325,14.820,16.814,18.078,20.442,22.777,25.994,26.016,25.812,26.632,28.265,30.237,31.216,30.822,32.030,32.635,36.361,38.975,40.175,40.399,40.750,44.100,44.257,46.209,45.067,46.262,50.417,55.545,58.025,61.870,64.659,65.778,68.766,69.723,67.191,66.679,69.898,74.288,77.955,79.094,80.485,75.328,69.141,72.614,75.149,76.353,80.977,84.957,90.754,95.379,100.000,101.570,102.075,102.218,116.448,113.270
59,"            Motor vehicle fuels, lubricants, and fluids",17.628,19.169,19.878,21.608,23.390,24.682,25.466,27.682,29.356,30.487,31.935,33.575,34.725,35.083,36.571,37.694,39.758,41.636,44.234,45.671,48.852,52.136,55.363,58.044,60.410,63.551,60.421,62.220,64.710,66.692,68.229,67.314,63.472,64.433,65.236,66.693,68.789,70.140,73.548,75.517,77.549,79.285,78.621,77.817,81.001,83.030,84.063,85.530,87.343,89.995,92.888,94.790,93.216,93.172,93.691,93.707,95.000,95.731,96.013,95.744,92.753,92.398,92.668,91.367,90.789,92.872,93.463,98.588,100.083,100.000,99.864,99.428,84.476,95.944,97.036
60,"            Motor vehicle maintenance and repair",17.371,18.333,18.964,20.249,20.931,22.513,22.476,24.140,25.207,26.295,26.911,28.560,29.949,30.874,32.416,34.257,36.142,37.768,39.944,41.600,43.513,45.644,48.122,50.426,52.484,52.235,50.763,52.511,54.675,59.090,60.749,62.475,59.284,58.988,56.990,62.098,69.259,78.519,80.330,84.726,90.396,92.256,90.590,81.594,83.658,84.924,88.534,91.266,92.922,93.682,97.013,100.378,103.396,104.958,103.517,105.550,106.747,107.864,105.000,104.809,97.959,89.657,89.858,93.261,93.982,93.901,95.962,95.926,99.232,100.000,101.952,102.799,95.053,105.539,107.370
61,"            Other motor vehicle services",1.407,1.491,1.627,2.064,2.099,2.221,2.302,2.488,2.644,2.711,2.703,2.748,2.900,3.065,3.269,3.489,3.784,4.074,4.351,4.609,5.043,5.508,6.038,6.608,7.130,7.273,7.150,7.541,7.937,8.525,8.702,8.768,9.208,9.713,9.265,9.636,12.591,14.713,14.963,15.098,15.997,16.765,17.440,19.259,24.712,29.211,34.818,40.864,48.642,58.790,60.084,65.740,69.027,66.069,59.352,56.244,58.361,61.440,67.433,69.709,70.298,61.102,62.141,63.136,67.450,74.760,83.008,90.821,96.321,100.000,100.609,104.106,91.826,92.718,85.371
62,"        Public transportation",24.169,21.161,19.313,19.032,18.878,18.390,17.057,16.691,16.714,16.460,15.348,15.539,15.603,15.208,15.381,15.636,16.376,17.275,18.234,19.542,21.243,23.166,22.998,23.512,25.400,26.750,28.450,27.726,29.485,31.082,31.650,32.842,29.823,26.772,26.858,28.470,30.731,31.901,34.847,35.729,37.136,37.802,38.501,38.506,38.788,41.216,46.430,50.140,55.839,60.277,64.900,68.962,74.348,72.609,72.915,75.590,80.012,78.601,77.991,79.692,77.491,76.720,76.398,81.507,81.954,87.379,91.355,92.675,94.651,100.000,108.958,115.083,56.807,98.203,130.999
63,"            Ground transportation13",116.687,101.158,91.000,88.105,86.233,82.619,75.035,71.702,70.599,68.056,62.608,61.420,60.705,57.901,57.002,55.924,56.130,56.577,57.302,57.093,58.087,59.721,58.783,58.698,59.747,60.556,62.994,61.304,61.744,61.918,60.116,60.185,54.540,49.843,47.768,47.376,47.759,48.126,45.410,44.591,48.177,49.286,51.566,53.289,53.950,55.698,57.697,58.980,57.391,58.470,64.653,68.453,71.646,75.177,72.717,70.940,74.495,75.945,79.443,80.373,79.140,74.777,73.282,75.597,76.985,80.876,87.176,91.117,93.703,100.000,110.649,111.947,59.704,73.365,99.200
64,"            Air transportation",0.629,0.710,0.878,1.158,1.375,1.620,1.842,2.187,2.471,2.791,2.811,3.321,3.562,3.760,4.149,4.685,5.504,6.467,7.443,9.129,11.029,13.046,13.093,13.789,15.972,17.510,19.025,18.563,20.717,22.738,23.997,25.530,23.204,20.603,21.249,23.393,26.134,27.432,32.274,33.773,34.393,34.988,35.334,34.923,35.181,37.790,44.065,48.381,56.839,62.609,66.772,71.017,77.150,72.681,74.196,78.930,83.802,80.740,77.753,79.766,76.929,78.122,78.239,85.234,84.980,91.313,93.927,93.458,95.240,100.000,108.065,116.834,54.408,113.582,151.422
65,"            Water transportation",0.087,0.082,0.075,0.075,0.075,0.082,0.079,0.082,0.087,0.087,0.087,0.092,0.087,0.096,0.107,0.104,0.112,0.122,0.159,0.227,0.259,0.298,0.320,0.337,0.388,0.456,0.503,0.500,0.561,0.629,0.656,0.765,0.841,0.894,0.988,1.935,3.766,6.159,8.444,9.181,10.484,9.698,7.281,4.360,2.884,5.886,12.002,19.479,26.807,31.588,33.308,35.827,42.626,48.881,50.850,57.117,61.563,61.733,64.295,67.793,68.318,66.829,71.452,67.690,73.446,76.417,83.870,95.502,93.630,100.000,106.783,115.490,74.050,105.366,122.903
66,"    Communication",1.374,1.436,1.501,1.631,1.740,1.859,1.950,2.149,2.308,2.459,2.543,2.643,2.795,2.972,3.155,3.369,3.616,3.971,4.357,4.690,5.029,5.490,5.873,6.070,6.458,7.087,7.364,8.049,8.543,9.149,9.978,10.830,11.514,11.792,12.188,12.593,12.769,13.506,14.018,15.076,15.844,16.819,17.528,18.080,19.797,20.818,22.223,23.457,25.574,28.163,30.468,33.942,38.472,40.432,40.891,42.340,44.847,47.142,51.067,55.657,58.200,57.477,60.166,63.150,65.031,69.160,78.268,84.593,91.664,100.000,104.858,110.433,113.797,125.149,134.678
67,"        Telephone and related communication equipment",0.012,0.014,0.015,0.016,0.015,0.014,0.013,0.014,0.015,0.015,0.015,0.015,0.016,0.017,0.019,0.020,0.023,0.024,0.025,0.026,0.027,0.027,0.027,0.027,0.028,0.031,0.033,0.034,0.036,0.038,0.123,0.288,0.460,0.616,0.668,0.620,0.583,0.527,0.502,0.485,0.498,0.530,0.537,0.537,0.556,0.604,0.678,0.734,0.782,0.822,0.947,1.229,1.562,1.842,2.256,3.267,4.331,5.260,7.680,10.572,13.181,16.547,20.867,23.697,31.308,38.995,56.222,72.145,84.405,100.000,110.613,128.039,134.420,190.730,234.329
68,"        Postal and delivery services",47.716,46.808,49.648,51.925,53.093,56.170,56.788,60.007,63.201,65.315,66.688,64.774,66.630,69.700,75.434,74.737,78.866,82.758,87.182,91.849,90.248,94.801,98.536,95.751,100.362,102.438,95.932,96.211,89.414,92.755,95.013,100.361,107.220,104.909,107.926,113.544,122.722,123.711,130.643,139.696,136.753,135.545,135.714,124.218,122.263,125.725,132.145,130.511,134.735,136.638,137.710,134.364,133.457,124.721,115.748,117.141,122.132,126.597,136.796,139.630,144.741,135.168,128.739,113.145,101.437,97.549,99.315,100.613,105.031,100.000,99.477,96.312,99.830,104.640,101.320
69,"            First-class postal service by U.S. Postal Service (USPS)",---,---,---,---,---,---,---,---,---,---,---,118.765,122.074,127.762,138.182,136.673,144.219,151.155,159.166,167.786,164.129,171.472,177.335,171.037,178.554,182.269,169.992,170.775,158.063,164.709,168.575,178.977,192.569,189.401,195.574,202.840,215.979,214.630,224.483,238.056,229.682,224.428,222.058,198.336,192.695,197.642,207.583,203.049,210.289,214.370,213.607,207.409,204.078,190.950,177.858,175.184,180.967,186.000,198.727,198.123,210.847,188.319,178.639,153.170,125.422,116.105,116.246,113.677,113.185,100.000,97.452,89.895,83.593,80.471,79.467
70,"            Other delivery services (by non-USPS facilities)",---,---,---,---,---,---,---,---,---,---,---,1.334,1.479,1.475,1.697,1.957,2.070,2.402,2.615,2.634,3.520,4.934,6.277,7.821,9.227,9.388,9.818,9.418,9.775,8.896,9.348,8.374,6.812,5.124,4.061,9.077,14.886,19.813,24.329,29.014,33.518,38.231,42.289,46.350,49.692,51.901,54.784,57.176,57.957,57.037,61.191,61.185,63.512,59.039,53.921,61.112,65.879,70.154,78.354,85.148,82.683,86.008,82.660,76.252,79.069,80.118,83.374,88.260,97.311,100.000,101.333,102.164,114.899,127.199,121.779
71,"        Telecommunication services",1.741,1.842,1.920,2.102,2.261,2.421,2.556,2.837,3.058,3.276,3.394,3.565,3.787,4.036,4.272,4.616,4.967,5.496,6.069,6.555,7.126,7.827,8.412,8.775,9.357,10.377,10.936,12.089,13.048,14.032,15.361,16.603,17.507,17.905,18.488,19.124,19.277,20.607,21.390,23.083,24.491,26.221,27.463,28.724,31.844,33.479,35.544,37.387,40.653,44.986,48.563,53.171,59.106,62.539,62.410,62.475,64.723,67.713,70.859,71.721,72.144,68.492,69.703,72.046,70.430,73.328,81.495,84.091,89.588,100.000,106.685,113.497,115.352,124.094,132.201
72,"        Internet access",---,---,---,---,---,---,---,---,---,---,---,---,---,---,---,---,---,---,---,---,---,---,---,---,---,---,---,---,---,---,---,---,---,---,---,---,---,---,---,0.000,0.016,0.033,0.070,0.151,0.250,0.371,0.827,1.737,2.804,3.606,4.583,7.720,12.004,12.228,13.761,16.554,18.811,19.269,22.876,35.899,42.304,45.682,50.825,57.604,64.874,70.082,76.911,87.749,96.502,100.000,100.183,101.432,106.771,114.193,122.329
73,"    Recreation",2.096,2.108,2.336,2.369,2.467,2.587,2.687,2.868,2.995,2.954,2.942,3.277,3.375,3.460,3.696,3.928,4.255,4.644,5.306,5.572,5.977,6.317,6.601,6.749,7.419,8.122,8.320,8.648,9.302,9.869,10.580,11.202,11.171,11.668,11.939,13.074,14.435,15.503,16.751,18.057,19.581,20.616,21.391,21.605,22.744,24.718,26.878,29.194,31.453,33.817,36.924,40.979,44.478,46.005,48.330,51.662,56.145,60.306,64.734,68.925,69.300,67.420,70.745,73.315,76.557,80.411,84.666,89.344,94.729,100.000,105.888,111.394,111.962,131.144,140.600
74,"        Video and audio equipment, computers, and related services",0.092,0.100,0.141,0.137,0.154,0.172,0.190,0.207,0.214,0.205,0.202,0.230,0.235,0.252,0.273,0.298,0.339,0.398,0.491,0.551,0.599,0.637,0.681,0.710,0.793,0.886,0.939,1.020,1.104,1.184,1.259,1.360,1.420,1.532,1.650,2.102,2.470,2.917,3.522,3.974,4.526,4.833,5.101,5.371,5.846,6.677,7.632,8.874,10.378,12.099,14.737,17.997,20.985,23.188,25.653,28.907,33.749,38.554,44.351,50.858,54.576,56.545,62.425,67.768,73.649,78.649,83.194,87.096,93.967,100.000,110.066,121.715,142.779,164.373,177.686
75,"            Video and audio equipment",---,---,---,---,---,---,---,---,---,---,---,0.376,0.373,0.400,0.438,0.486,0.575,0.706,0.910,1.037,1.127,1.187,1.269,1.319,1.484,1.673,1.768,1.919,2.094,2.236,2.422,2.658,2.761,2.904,2.911,3.565,4.265,5.217,6.128,6.939,7.725,8.199,8.402,8.464,8.962,9.891,11.313,12.448,13.363,13.997,16.346,19.499,22.744,25.038,27.788,30.269,35.139,41.088,47.822,54.791,58.010,58.765,64.540,70.479,76.085,80.445,84.077,87.685,93.406,100.000,116.111,129.754,136.420,164.153,181.162
76,"            Information processing equipment",---,---,---,---,---,---,---,---,---,---,---,0.001,0.001,0.001,0.001,0.001,0.001,0.001,0.001,0.001,0.001,0.001,0.001,0.002,0.002,0.002,0.002,0.002,0.002,0.002,0.002,0.002,0.002,0.002,0.005,0.013,0.015,0.015,0.033,0.043,0.060,0.066,0.082,0.127,0.167,0.268,0.391,0.594,1.000,1.683,2.646,3.899,5.162,6.409,8.429,11.624,15.486,19.861,25.248,31.357,34.822,36.628,42.404,49.599,56.464,63.988,70.994,74.245,85.011,100.000,117.753,138.846,189.639,228.985,255.754
77,"            Services related to video and audio goods and computers",---,---,---,---,---,---,---,---,---,---,---,4.323,4.724,5.054,5.317,5.587,5.780,5.995,6.413,6.898,7.486,8.191,8.753,9.227,10.122,11.096,11.957,13.185,14.113,15.487,15.666,16.326,17.187,19.714,22.599,26.501,29.927,33.948,36.895,39.445,43.408,46.531,48.580,47.179,49.318,50.858,51.122,54.590,55.853,56.917,59.785,64.956,68.593,69.871,67.943,68.792,72.498,72.041,73.717,77.678,81.687,85.354,90.386,90.623,94.455,95.668,97.125,102.014,104.571,100.000,98.965,100.181,99.139,102.738,103.296
78,"        Sports and recreational goods and related services",1.816,1.827,2.094,2.197,2.265,2.394,2.478,2.737,2.954,3.063,3.095,3.163,3.219,3.300,3.534,3.807,4.284,4.824,5.650,5.965,6.562,6.871,6.990,7.146,8.411,9.204,9.092,9.665,10.748,11.470,12.293,12.829,11.757,11.978,11.901,12.454,14.349,15.100,16.337,17.906,18.807,19.938,20.320,20.481,21.239,23.062,24.899,26.460,28.062,29.916,32.982,37.179,41.181,42.957,45.703,48.913,52.649,56.784,60.116,62.439,60.338,55.495,58.094,61.594,65.802,71.441,77.944,85.840,93.229,100.000,107.172,113.467,138.045,158.177,165.041
79,"            Sports and recreational vehicles",---,---,---,---,---,---,---,---,---,---,---,4.750,4.223,3.858,4.292,4.905,6.178,7.344,9.075,10.009,13.079,15.557,17.185,18.401,23.294,26.073,22.659,24.694,27.083,29.660,30.354,30.682,23.535,23.489,22.422,23.003,28.463,29.413,31.618,32.905,33.032,32.606,30.550,28.764,27.998,31.398,34.777,37.337,39.635,43.155,47.406,51.457,55.421,55.364,57.470,65.076,72.541,76.324,77.818,79.955,69.955,54.411,53.326,54.388,58.392,66.593,74.071,82.501,89.646,100.000,102.031,100.745,115.512,135.478,139.058
80,"            Other sporting and recreational goods",---,---,---,---,---,---,---,---,---,---,---,2.639,2.769,2.905,3.091,3.292,3.617,4.024,4.647,4.844,5.057,5.047,4.966,4.979,5.628,6.096,6.497,6.817,7.639,8.028,8.821,9.302,9.310,9.543,9.620,10.147,11.302,12.019,13.004,14.519,15.495,16.798,17.586,18.106,19.172,20.650,22.198,23.474,24.932,26.400,29.057,33.095,36.906,38.960,41.728,43.966,46.894,51.157,55.024,57.441,57.606,55.761,59.388,63.577,67.862,72.787,79.027,86.895,94.551,100.000,109.444,119.073,148.835,169.353,177.889
81,"            Maintenance and repair of recreational vehicles and sports equipment",---,---,---,---,---,---,---,---,---,---,---,3.210,2.953,2.593,2.777,3.116,3.718,4.069,5.013,5.859,6.611,7.729,8.029,7.677,10.395,10.151,7.755,8.159,9.061,9.997,11.481,15.827,13.222,14.836,15.497,16.013,21.702,21.086,24.705,29.271,31.811,36.182,36.734,35.268,32.264,34.719,34.297,38.979,39.005,42.147,50.645,59.950,70.565,77.370,84.688,84.007,82.843,84.595,85.587,86.452,78.454,70.185,74.196,79.871,84.178,85.855,90.444,93.200,94.801,100.000,100.761,104.464,104.993,112.605,114.597
82,"        Membership clubs, sports centers, parks, theaters, and museums",17.401,16.896,16.390,16.063,15.900,15.604,15.794,16.420,17.087,15.744,15.211,16.121,16.732,17.243,17.750,18.124,18.318,18.632,19.330,19.417,20.338,20.979,21.455,21.799,22.516,23.517,25.178,26.217,26.997,28.915,30.096,31.098,32.098,34.088,35.176,36.987,38.170,39.728,40.192,40.688,43.865,47.105,49.119,48.986,52.578,54.582,55.359,58.581,60.708,62.307,64.124,64.212,64.600,63.838,64.243,65.951,68.450,71.318,74.246,77.688,78.199,77.023,79.405,80.034,81.552,84.408,88.049,92.009,95.798,100.000,103.029,106.247,59.654,79.620,98.997
83,"            Membership clubs and participant sports centers",---,---,---,---,---,---,---,---,---,---,---,14.730,15.808,16.798,17.136,17.227,17.022,17.110,17.478,17.526,17.232,16.827,16.416,15.688,15.915,17.364,19.254,21.503,23.767,25.831,25.191,25.584,25.811,25.993,26.649,29.144,31.162,35.696,38.584,40.605,42.493,44.343,44.946,44.546,46.512,45.928,45.369,48.356,51.084,58.860,58.798,59.070,58.477,57.528,58.702,60.872,65.838,70.504,73.963,79.431,79.483,77.216,79.942,82.468,84.195,86.598,88.973,93.630,97.759,100.000,100.727,102.753,72.440,94.149,103.344
84,"            Amusements parks, campgrounds, and related recreational services",---,---,---,---,---,---,---,---,---,---,---,9.545,10.409,11.332,12.353,13.296,14.234,14.183,15.203,15.924,17.338,19.164,20.684,21.951,24.248,27.011,28.211,29.173,29.864,31.247,31.946,34.007,36.809,41.023,41.723,43.910,43.858,45.995,43.495,43.578,48.888,54.546,57.818,57.988,65.579,67.355,68.902,73.661,74.290,69.893,70.468,68.889,68.453,66.303,62.061,61.920,61.758,63.147,63.599,64.918,66.542,64.876,67.773,69.935,73.224,77.372,82.426,89.149,94.491,100.000,104.130,107.573,64.313,82.676,100.415
85,"            Admissions to specified spectator amusements",---,---,---,---,---,---,---,---,---,---,---,26.674,26.397,25.783,25.791,25.741,25.445,26.526,27.226,26.647,28.253,28.521,28.608,28.825,28.186,26.809,28.725,28.943,28.450,30.939,34.271,34.555,33.926,34.809,37.000,37.942,39.890,37.846,39.250,38.671,40.984,43.273,45.638,45.582,46.748,51.480,52.950,55.148,58.714,60.221,64.951,66.151,67.805,68.274,71.387,74.421,77.225,79.269,84.739,89.948,89.788,90.051,91.910,88.775,88.434,89.548,92.461,93.843,96.490,100.000,104.462,107.761,43.342,63.693,94.419
86,"                Motion picture theaters",---,---,---,---,---,---,---,---,---,---,---,106.864,100.513,95.517,90.564,87.010,81.186,84.312,82.071,76.847,79.959,79.574,78.346,78.731,77.161,70.096,80.416,80.744,73.222,80.244,88.098,84.191,73.138,74.105,80.942,77.460,78.374,70.811,70.203,69.114,74.621,82.088,86.858,83.987,78.371,79.377,80.547,82.270,85.222,89.846,96.186,99.608,101.469,102.212,105.721,103.741,100.994,95.766,98.505,99.491,99.330,104.073,106.479,97.494,103.994,105.134,103.769,107.264,107.190,100.000,104.557,98.477,23.557,36.879,57.651
87,"                Live entertainment, excluding sports",---,---,---,---,---,---,---,---,---,---,---,10.791,10.917,9.914,10.147,9.922,9.900,9.376,9.717,9.965,9.122,8.688,8.318,7.844,8.222,8.609,9.056,9.336,10.723,11.831,13.694,14.699,16.382,18.075,17.952,19.328,20.970,22.719,26.761,26.536,27.553,25.923,28.712,28.372,31.165,36.423,37.702,39.275,39.827,40.579,44.255,45.333,46.457,48.005,49.740,55.187,61.380,68.255,74.857,82.200,83.572,85.444,88.004,82.038,79.679,79.343,84.296,90.973,95.120,100.000,103.625,108.572,48.368,66.200,94.054
88,"                Spectator sports",---,---,---,---,---,---,---,---,---,---,---,10.933,12.429,13.810,15.438,16.885,18.480,20.428,22.828,23.412,27.424,28.969,30.408,31.550,29.931,29.158,28.468,28.525,29.249,31.189,34.107,35.715,37.604,37.196,40.197,43.029,46.019,41.417,39.958,39.140,41.554,46.788,47.093,49.098,51.697,57.736,59.657,63.058,71.527,72.366,77.721,77.806,80.131,78.807,83.722,85.972,86.817,85.786,91.093,95.512,93.173,88.816,89.411,93.294,92.145,95.225,97.578,90.971,93.020,100.000,105.495,111.269,46.542,73.653,113.374
89,"            Museums and libraries",---,---,---,---,---,---,---,---,---,---,---,7.069,7.643,8.318,8.875,9.339,9.645,9.251,9.675,9.733,10.232,11.268,12.078,12.816,13.928,15.366,17.673,18.126,19.753,21.756,23.406,24.436,26.451,29.184,29.112,29.391,29.713,31.264,31.972,32.467,34.335,35.878,36.152,35.268,37.925,41.321,41.604,42.303,41.090,41.450,45.229,47.858,51.693,53.134,60.832,62.864,65.373,72.135,71.018,64.903,65.448,63.889,64.723,70.707,72.609,81.307,87.740,88.746,89.292,100.000,98.504,105.760,76.235,94.404,100.579
90,"        Magazines, newspapers, books, and stationery",27.317,27.350,27.916,29.047,29.418,30.259,30.661,31.332,31.821,31.525,31.382,37.293,38.066,36.853,40.150,41.754,42.882,44.166,49.894,49.134,50.068,53.105,55.744,53.620,55.588,58.357,55.715,53.280,53.737,56.026,63.498,69.342,70.185,70.752,69.863,70.830,75.216,74.760,76.071,81.047,86.181,88.802,91.674,89.512,88.143,91.377,96.667,98.928,100.730,104.213,105.962,111.822,117.286,114.169,113.477,114.739,117.071,117.681,118.478,115.141,107.493,97.646,96.514,94.342,88.982,88.592,89.473,91.085,95.905,100.000,104.143,106.035,117.202,130.345,135.191
91,"        Gambling",2.179,2.065,2.116,2.304,2.606,2.786,2.729,2.840,3.026,3.102,3.167,3.447,3.697,3.919,4.432,4.745,5.262,5.461,5.661,5.939,6.194,6.468,6.709,7.215,8.138,9.333,9.626,10.010,10.783,11.368,12.501,12.937,13.334,15.339,16.643,18.256,19.937,21.879,23.387,24.711,27.696,28.683,30.398,30.567,33.912,39.175,45.646,51.095,55.088,58.467,59.057,64.455,67.591,68.110,70.930,75.959,81.963,84.783,88.986,90.784,88.627,86.108,86.406,85.375,86.654,88.942,90.668,94.368,97.031,100.000,101.078,99.630,83.388,102.632,101.382
92,"        Pets, pet products, and related services",2.322,2.341,2.397,2.444,2.540,2.682,2.801,2.995,3.135,3.279,3.345,4.744,5.422,5.797,6.049,6.511,7.972,8.825,9.683,9.935,10.684,11.262,12.252,12.697,13.111,15.193,16.766,17.223,19.069,20.381,20.834,21.538,22.733,23.985,24.172,25.619,26.526,28.463,28.104,29.613,30.928,31.697,33.363,33.471,35.085,37.858,41.148,44.481,46.821,49.407,51.824,54.565,57.012,58.297,60.288,63.414,66.740,71.121,74.887,79.190,77.709,73.813,75.916,77.494,79.872,82.637,87.054,91.382,95.097,100.000,103.124,105.840,115.687,130.981,132.289
93,"        Photographic goods and services",8.569,8.434,9.262,9.654,10.177,10.763,11.206,12.621,13.482,14.301,14.858,16.947,17.338,17.511,18.257,20.272,21.142,23.969,27.753,30.664,35.207,39.712,42.857,47.278,52.585,61.190,64.764,66.314,75.249,76.641,81.432,86.834,86.676,87.318,87.910,96.570,103.212,106.715,110.908,115.371,119.091,118.715,114.792,110.786,109.670,111.980,113.981,115.593,114.740,110.998,114.753,117.994,119.007,116.663,115.242,116.457,118.946,116.178,113.624,120.990,121.081,112.299,113.391,108.291,108.314,106.547,106.982,107.627,101.934,100.000,102.058,108.430,91.558,102.480,105.442
94,"        Package tours14",1.405,1.328,1.212,1.212,1.212,1.328,1.274,1.328,1.405,1.405,1.405,1.486,1.434,1.576,1.753,1.719,1.844,2.017,2.645,3.751,4.273,4.916,5.261,5.542,6.412,7.559,8.267,8.245,9.232,10.346,10.894,12.683,13.952,14.852,16.394,17.793,18.437,21.790,22.256,24.190,30.956,36.104,42.385,42.486,47.898,50.931,56.160,58.678,62.657,61.407,62.881,65.899,64.354,57.041,53.394,53.817,57.426,59.019,59.615,64.987,71.224,64.833,72.368,66.948,70.223,70.257,75.548,80.747,86.626,100.000,110.834,112.845,48.535,57.937,93.363
95,"    Education",18.338,19.408,20.244,20.929,21.792,22.784,23.617,25.351,26.882,28.586,30.360,31.856,33.729,35.558,38.129,41.032,44.572,48.736,52.995,56.374,60.497,63.906,68.637,71.276,73.304,75.590,73.366,75.538,77.282,78.293,82.427,83.141,83.377,82.861,81.517,83.203,84.089,85.331,86.168,88.244,91.661,95.266,96.929,95.949,96.022,95.080,95.664,96.941,99.341,101.895,104.836,107.444,110.849,112.499,109.983,109.018,106.635,106.268,106.882,107.803,106.998,105.837,107.461,105.945,102.278,100.527,99.568,99.372,100.011,100.000,100.383,100.355,96.623,98.527,103.688
96,"        Educational books",57.963,58.368,61.861,69.571,66.496,67.174,64.561,68.141,73.815,71.173,69.556,72.849,75.824,80.660,87.429,96.025,109.646,106.984,113.924,110.869,114.584,124.311,151.573,144.696,134.292,136.145,139.831,149.252,142.335,153.825,174.446,188.344,196.181,198.929,192.856,201.864,216.859,222.116,231.407,250.705,256.285,255.191,253.924,246.233,243.609,252.643,261.129,263.856,257.180,256.723,262.581,275.080,271.578,262.164,256.893,246.945,236.535,224.747,209.054,188.429,179.198,165.940,163.231,154.297,142.770,128.601,121.044,111.018,106.175,100.000,94.726,92.545,78.159,94.352,97.274
97,"        Higher education",16.107,17.288,17.639,17.679,18.390,19.295,20.055,21.425,22.926,25.094,27.422,28.427,30.134,32.236,34.317,36.641,40.474,46.048,50.228,53.013,56.700,60.225,65.513,69.987,73.058,75.869,75.055,74.749,75.847,77.412,78.077,80.404,82.766,84.551,85.819,85.952,85.132,84.587,84.843,85.321,86.490,88.737,90.509,90.820,90.401,88.727,88.721,89.344,91.785,94.940,98.176,101.230,105.452,108.372,106.426,107.222,105.681,106.347,107.602,108.554,107.752,108.408,110.674,109.574,105.861,103.731,101.596,100.437,100.129,100.000,99.394,98.511,97.699,97.090,99.032
98,"        Nursery, elementary, and secondary schools",31.182,32.623,34.283,35.838,38.122,40.008,42.407,45.272,48.251,51.870,55.472,60.499,65.801,72.621,79.680,85.762,91.388,96.473,100.458,105.166,112.187,116.215,118.972,123.501,129.545,129.337,124.803,126.190,123.548,120.874,136.750,134.370,132.577,125.638,115.684,118.206,119.250,120.249,118.062,119.467,119.833,127.231,129.239,126.188,125.648,122.170,120.912,120.518,120.351,118.003,115.083,115.036,114.389,114.783,112.714,109.562,106.652,104.140,103.321,103.790,102.736,100.323,98.332,95.855,94.426,94.738,94.336,95.990,99.685,100.000,101.681,100.991,94.038,97.702,105.149
99,"        Commercial and vocational schools15",8.593,9.186,9.917,10.316,11.025,11.614,12.109,13.351,13.635,14.073,14.439,14.721,15.007,13.892,14.425,15.727,16.363,17.906,21.182,24.739,27.494,29.116,30.571,29.903,29.410,31.538,27.973,33.242,38.525,39.404,41.030,39.557,37.053,36.049,35.506,38.329,40.577,44.674,47.408,51.063,60.649,65.096,66.573,64.856,66.990,68.722,71.432,75.841,81.456,86.658,93.287,95.417,100.769,101.211,96.979,93.812,90.407,90.169,92.099,96.146,96.711,92.395,95.616,94.608,90.358,89.992,93.611,96.712,98.884,100.000,103.612,107.586,97.999,105.061,119.865
100,"    Food services and accommodations",17.579,17.765,17.938,19.595,20.533,21.291,21.229,21.762,22.399,22.658,22.321,22.787,23.026,23.100,23.930,24.528,25.783,27.625,28.999,28.701,30.483,31.145,32.224,32.189,34.647,36.375,36.042,37.541,39.805,40.869,42.601,43.922,43.942,44.381,44.674,46.142,47.419,48.051,49.440,52.024,55.118,56.641,58.658,58.695,60.190,61.525,62.468,62.580,62.946,64.291,65.968,67.593,70.672,70.540,71.606,74.363,77.493,80.415,83.174,84.401,83.756,80.939,82.831,85.066,87.092,88.652,91.571,95.587,97.319,100.000,102.817,104.811,84.135,101.805,111.086
101,"        Food services",19.624,19.891,20.089,21.996,23.064,23.921,23.814,24.399,25.087,25.311,24.941,25.407,25.585,25.628,26.457,26.990,28.351,30.314,31.790,31.272,33.194,33.875,35.046,35.090,37.361,39.156,38.705,40.299,42.642,43.773,45.727,47.121,47.237,47.556,48.074,49.623,50.714,51.198,52.729,55.333,58.771,60.424,62.691,62.690,63.949,65.665,66.488,66.532,66.578,67.464,69.387,71.129,74.265,74.844,75.920,78.455,81.324,83.627,86.007,86.934,85.624,82.137,83.700,85.755,87.378,88.689,91.579,95.631,97.668,100.000,102.636,104.918,88.314,105.524,112.500
102,"            Purchased meals and beverages16",18.851,19.130,19.338,20.791,21.744,22.655,22.632,23.310,24.045,24.274,23.937,24.522,24.745,24.729,25.552,26.129,27.531,29.459,30.729,30.099,32.158,32.904,34.244,34.453,36.846,38.697,38.037,39.557,41.839,43.081,44.995,46.347,46.411,46.681,47.195,48.942,50.177,50.813,52.552,55.389,58.910,60.587,62.923,62.938,64.231,65.977,66.803,66.825,66.867,67.779,69.754,71.531,74.744,75.318,76.407,78.947,81.837,84.031,86.238,87.135,85.834,82.242,83.969,85.942,87.641,88.975,91.835,95.829,97.765,100.000,102.687,105.004,88.274,105.959,112.963
103,"            Food furnished to employees (including military)",44.249,44.277,44.286,57.096,61.074,61.056,58.866,57.078,56.429,56.457,55.106,51.920,50.700,52.581,53.543,52.746,52.795,55.806,63.515,66.426,64.099,62.831,58.828,53.867,52.362,52.447,58.280,62.055,66.214,64.016,67.140,69.787,71.435,73.184,73.816,69.537,66.373,62.398,57.732,53.418,54.374,55.320,55.490,55.024,55.249,56.057,56.794,57.527,57.700,57.761,58.102,58.769,59.556,60.324,60.971,63.387,65.605,71.297,79.070,80.937,79.338,79.129,75.634,80.194,79.484,80.120,83.908,89.722,94.775,100.000,101.122,102.373,89.556,92.302,98.440
104,"        Accommodations17",6.563,6.217,6.250,6.485,6.695,6.906,7.116,7.371,7.741,8.215,8.052,8.537,9.144,9.407,10.296,11.328,12.029,13.276,14.137,15.201,16.275,16.875,17.476,16.938,20.869,22.360,22.784,23.843,25.899,26.654,27.111,28.104,27.510,28.740,27.697,28.792,31.213,32.701,33.367,35.931,37.290,38.164,38.916,39.151,41.907,41.305,42.869,43.322,45.267,48.841,49.336,50.397,53.172,49.735,50.753,54.575,58.946,64.772,69.276,71.873,74.336,74.821,78.389,81.539,85.618,88.452,91.524,95.351,95.553,100.000,103.751,104.249,61.359,81.865,104.095
105,"    Financial services and insurance",6.383,6.558,7.361,8.258,8.274,8.517,9.093,9.823,10.337,10.656,10.999,11.306,11.765,12.381,12.335,12.787,13.683,14.605,15.121,15.894,16.782,16.977,17.605,18.258,19.286,20.354,20.815,22.862,24.089,25.585,26.789,27.631,28.019,27.885,30.253,34.455,34.657,38.017,39.381,41.682,42.479,44.835,45.551,49.295,52.637,56.623,57.960,59.791,61.795,65.138,70.819,77.654,85.815,83.303,82.855,82.973,85.853,90.425,92.204,94.442,96.740,95.790,95.647,98.135,96.921,96.642,97.640,100.037,97.511,100.000,100.013,97.689,97.870,97.806,96.106
106,"        Financial services",3.158,3.103,3.577,3.663,3.690,3.767,4.223,4.536,4.530,4.597,4.968,5.380,5.449,5.943,5.659,5.823,6.273,6.829,7.188,7.954,8.416,8.418,8.753,9.528,10.045,10.485,10.655,12.428,13.268,14.295,14.700,14.910,14.872,14.715,16.841,21.800,21.835,24.777,26.365,28.908,28.483,30.347,30.531,33.365,37.547,41.983,45.376,49.172,53.903,58.509,66.081,76.376,87.099,82.598,83.002,82.640,86.014,90.133,93.385,96.223,101.393,105.350,102.424,105.096,106.038,104.459,101.460,103.489,100.380,100.000,96.827,96.253,97.142,94.769,93.443
107,"            Financial services furnished without payment",4.667,4.618,4.788,4.930,5.147,5.245,5.443,5.659,5.754,5.847,6.088,6.324,6.754,6.898,6.960,7.478,7.927,8.121,8.304,8.741,9.782,10.624,12.044,13.329,14.246,15.531,16.050,19.331,20.440,22.289,22.917,22.854,21.923,21.532,24.784,32.942,32.321,36.572,37.127,39.530,39.959,42.029,41.699,45.195,51.215,56.205,61.173,66.541,70.839,75.374,80.355,86.122,89.927,83.839,82.525,81.004,85.624,89.483,88.550,90.389,94.094,98.920,97.975,100.341,97.646,98.383,97.156,104.143,99.279,100.000,97.407,95.070,94.991,87.110,82.124
108,"            Financial service charges, fees, and commissions",2.015,1.956,2.674,2.715,2.580,2.641,3.423,3.887,3.760,3.805,4.375,5.044,4.707,5.662,4.975,4.825,5.313,6.276,6.855,8.065,7.978,7.108,6.257,6.574,6.739,6.357,6.150,6.418,7.079,7.332,7.546,8.092,9.026,9.091,10.279,12.549,13.186,15.062,17.767,20.574,19.353,21.090,21.680,23.965,26.723,30.611,32.771,35.330,40.248,44.789,54.119,67.671,83.863,80.812,82.798,83.556,85.655,90.001,97.582,101.454,108.116,111.158,106.363,109.318,113.627,109.949,105.371,102.925,101.492,100.000,96.234,97.484,99.370,102.572,105.269
109,"        Insurance",15.461,16.338,18.022,21.428,21.401,22.141,22.919,24.856,27.141,28.288,28.297,27.995,29.745,30.442,31.421,32.753,34.872,36.657,37.458,37.694,39.727,40.600,41.997,41.637,44.062,46.965,48.315,49.754,51.653,54.037,57.649,60.524,62.480,62.569,64.113,62.230,62.946,65.966,65.624,65.631,70.352,73.352,75.361,80.724,81.573,84.091,80.802,78.458,75.101,76.027,78.227,79.176,83.197,83.763,82.036,82.868,84.994,90.204,89.752,91.048,88.930,81.088,84.662,86.854,82.667,84.265,91.328,94.298,92.721,100.000,105.483,100.102,99.045,103.208,100.791
110,"            Life insurance18",37.259,37.118,38.782,39.465,39.231,40.062,41.143,44.241,48.557,50.850,52.119,48.676,52.622,53.391,54.071,56.117,60.678,65.736,65.593,63.906,66.308,67.175,69.719,67.238,69.139,73.391,73.739,76.233,83.680,85.787,91.067,93.702,97.502,98.398,103.380,99.014,99.215,102.634,95.947,87.420,98.298,108.462,112.424,132.388,129.675,138.071,123.729,118.682,106.917,107.578,103.412,100.236,106.615,101.282,89.368,88.534,100.882,106.695,110.209,111.439,110.927,98.185,96.630,100.262,98.137,95.214,97.700,98.688,81.479,100.000,101.273,96.471,92.936,91.681,91.988
111,"            Net household insurance19",18.901,18.505,19.628,20.520,21.001,22.198,22.425,23.734,24.975,25.813,26.378,29.581,34.916,38.455,40.951,40.625,38.674,34.168,30.397,30.343,30.886,31.980,34.368,35.405,38.919,43.981,55.484,59.059,56.404,61.035,72.223,77.755,75.945,72.005,68.770,66.767,68.788,68.186,67.481,72.938,78.061,78.144,74.212,70.707,64.259,60.055,60.398,56.821,57.656,52.212,59.544,59.921,59.694,59.427,56.823,59.026,64.014,65.099,62.747,74.913,78.514,68.470,68.616,68.761,65.785,71.515,83.064,89.619,95.476,100.000,97.918,100.823,103.116,103.206,105.322
112,"            Net health insurance",6.503,7.727,8.983,11.219,11.321,11.923,11.964,13.134,14.362,15.459,15.260,15.850,16.490,17.031,18.017,18.860,20.181,21.187,22.216,22.309,24.200,25.312,26.649,26.896,28.635,30.208,31.671,33.363,35.379,37.215,39.242,42.777,44.658,43.936,43.675,42.166,43.271,46.704,48.657,52.227,54.661,55.208,56.707,58.068,61.228,62.356,62.223,59.865,58.512,59.534,64.180,66.830,71.324,74.264,77.210,79.150,75.306,80.349,78.332,76.600,72.962,66.835,75.127,78.043,72.758,76.558,86.911,91.302,95.783,100.000,111.310,101.811,102.566,103.732,99.842
113,"                Medical care and hospitalization20",---,---,---,---,---,---,---,---,---,---,---,14.356,14.743,15.218,16.092,16.800,17.983,18.950,19.439,19.089,19.831,21.168,22.182,22.856,24.354,25.828,27.409,30.848,32.435,33.190,34.349,36.512,39.127,41.152,42.083,42.323,43.250,45.758,47.337,50.327,52.214,52.909,54.188,55.889,58.959,60.496,61.096,59.870,60.423,62.269,68.835,72.408,77.411,79.857,83.331,87.424,82.829,86.938,83.045,79.705,74.987,68.482,77.701,80.724,73.694,77.220,88.399,91.440,96.862,100.000,111.304,99.222,101.276,107.167,101.560
114,"                Income loss21",---,---,---,---,---,---,---,---,---,---,---,28.357,29.159,30.082,31.781,33.203,35.548,37.499,38.422,37.762,44.961,46.281,50.409,49.293,51.189,50.945,52.185,49.865,49.749,48.600,49.617,56.656,56.670,46.521,39.866,31.245,32.062,34.761,31.154,31.096,30.348,30.726,30.738,28.790,33.733,42.808,40.359,41.407,44.248,53.251,59.200,65.250,72.001,78.066,81.205,84.758,85.967,86.677,89.574,92.195,92.340,91.743,88.687,89.699,90.797,92.391,92.992,97.868,98.324,100.000,102.249,105.764,108.600,108.130,108.132
115,"                Workers' compensation22",---,---,---,---,---,---,---,---,---,---,---,10.437,11.268,11.668,12.373,13.052,13.949,14.456,16.244,17.377,18.465,18.868,19.325,19.348,21.148,23.623,24.709,25.526,29.284,34.611,39.119,43.146,43.842,41.024,41.027,39.124,40.690,47.037,52.901,59.401,64.764,64.773,67.691,69.020,71.057,67.468,64.581,56.814,48.414,46.431,45.500,45.188,47.705,51.524,52.668,47.680,46.104,54.251,58.256,61.771,61.794,56.822,62.129,64.715,66.662,71.886,79.309,89.868,90.323,100.000,112.229,115.792,108.778,80.894,87.875
116,"            Net motor vehicle and other transportation insurance23",12.471,13.326,16.138,26.630,26.539,27.576,29.811,32.466,35.185,35.357,34.168,35.533,37.016,37.914,39.422,41.436,43.115,43.486,45.823,48.927,51.580,52.084,52.380,53.044,57.985,62.645,64.086,63.547,58.730,63.075,68.254,70.099,70.701,72.036,74.346,74.776,74.782,76.320,78.575,82.068,84.251,84.204,85.941,84.149,84.611,84.394,85.536,86.338,86.737,88.504,90.756,92.075,92.501,94.082,92.553,92.296,97.503,103.224,102.340,111.004,110.318,104.248,100.453,98.773,95.182,95.135,97.376,98.030,97.434,100.000,95.586,99.506,95.840,115.579,113.145
117,"    Other goods and services",16.247,16.255,16.738,17.138,17.987,18.379,18.736,19.534,20.322,21.194,21.933,23.893,24.525,25.763,26.743,27.600,28.657,30.355,32.687,33.947,35.123,35.318,36.159,36.838,38.283,40.915,41.092,41.338,44.154,45.981,48.219,48.078,46.889,47.219,46.547,48.242,50.641,53.755,56.643,58.928,60.476,62.234,62.707,60.843,63.310,64.810,66.466,68.157,70.542,72.592,75.486,78.401,81.115,82.139,83.344,86.940,90.332,92.753,95.347,96.761,94.668,90.165,90.383,91.401,91.479,92.106,94.229,97.158,98.131,100.000,101.792,103.718,97.896,108.272,110.417
118,"        Personal care24",6.483,6.611,7.060,7.080,7.616,8.101,8.652,9.266,10.028,10.650,11.029,13.114,13.871,15.172,16.291,16.863,17.862,19.027,20.799,21.904,22.717,22.475,22.871,22.562,23.428,24.958,24.626,24.300,25.111,27.000,28.315,28.755,28.452,28.066,27.222,30.051,31.405,33.268,35.197,37.491,39.883,41.293,42.772,40.970,42.939,44.527,46.782,49.486,51.955,54.424,57.374,60.608,63.863,64.821,66.892,70.721,75.171,78.568,81.426,83.143,83.371,80.641,83.718,86.714,88.317,89.587,92.290,94.995,96.781,100.000,104.566,107.897,90.952,105.239,112.757
119,"        Personal items25",6.426,6.188,6.441,6.530,7.133,7.297,7.712,8.379,8.648,8.758,8.935,9.312,9.338,9.487,10.113,10.559,11.371,12.778,15.017,15.752,17.262,17.603,17.965,19.331,20.455,23.739,24.879,26.424,29.976,31.899,33.239,31.501,27.264,27.238,27.020,29.847,33.527,36.176,41.059,41.639,41.744,41.957,40.429,39.306,40.700,43.389,45.040,46.457,49.936,52.044,57.947,66.597,73.555,71.196,75.576,83.438,91.597,99.292,105.874,107.764,98.989,90.711,92.977,96.513,98.532,99.178,102.492,106.450,101.903,100.000,105.153,108.244,107.026,136.691,139.741
120,"        Social services and religious activities26",4.296,4.277,4.358,4.369,4.904,5.153,5.432,5.616,6.071,6.237,6.584,7.133,7.240,7.471,7.364,7.763,8.963,9.812,10.931,12.102,12.551,12.935,13.397,14.434,15.887,16.254,15.282,15.569,16.968,18.286,19.973,21.572,22.494,23.706,25.238,26.893,28.969,32.518,35.399,38.304,39.069,42.466,43.457,44.062,46.528,48.676,50.365,52.164,53.284,54.863,57.001,59.440,62.002,65.630,67.254,69.384,71.453,73.111,74.732,77.235,78.410,79.431,81.454,82.175,83.272,85.544,89.231,92.871,96.081,100.000,102.937,105.878,102.498,111.097,113.423
121,"        Professional and other services",32.581,32.979,33.173,34.700,34.125,34.784,35.356,36.102,35.954,37.890,39.485,41.587,42.548,44.668,46.397,48.557,49.448,51.368,55.122,56.188,58.262,60.093,62.385,63.125,64.561,67.294,67.973,67.233,70.359,73.140,77.546,76.078,75.216,75.668,73.975,72.169,74.526,79.593,82.172,84.702,91.126,93.872,96.027,94.326,96.617,96.727,96.191,94.925,96.577,98.125,101.126,103.501,104.114,106.237,106.406,110.315,110.070,109.955,110.558,111.919,109.080,101.679,98.526,98.512,96.679,95.688,96.543,98.532,98.415,100.000,98.060,100.347,101.764,109.169,109.929
122,"            Legal services",---,---,---,---,---,---,---,---,---,---,---,44.889,44.763,49.688,51.696,55.324,55.631,57.165,62.637,62.749,63.593,64.624,68.923,70.288,70.483,74.297,75.935,73.807,76.057,78.504,84.154,81.854,81.121,84.356,82.535,79.648,82.707,88.871,92.660,97.073,104.934,107.671,109.236,105.512,107.985,106.907,105.582,103.170,106.375,108.789,111.398,113.732,113.420,115.733,116.575,119.104,116.821,115.454,115.817,115.834,111.911,104.860,100.979,101.924,99.964,96.792,96.957,98.413,97.004,100.000,96.733,98.930,98.794,105.620,102.265
123,"            Accounting and other business services27",---,---,---,---,---,---,---,---,---,---,---,12.710,13.514,13.576,14.820,15.171,17.464,20.413,22.855,24.979,27.733,32.390,31.882,31.334,34.260,35.503,34.971,35.358,37.504,40.334,42.995,41.836,39.011,37.711,34.636,37.121,37.214,39.135,39.707,40.069,45.976,51.490,54.670,54.922,56.603,59.945,63.487,61.828,63.688,66.186,72.625,77.942,82.264,85.294,87.824,92.408,98.892,97.465,99.388,105.418,105.118,92.909,90.138,89.672,86.680,90.003,93.831,98.688,101.376,100.000,101.843,107.246,114.429,124.009,133.376
124,"            Labor organization dues",---,---,---,---,---,---,---,---,---,---,---,41.435,44.106,44.835,45.939,46.629,48.908,50.299,52.872,55.788,57.670,60.746,62.585,62.284,65.426,70.263,71.417,73.391,77.749,81.553,85.510,87.698,87.514,87.317,92.994,93.650,98.777,106.623,112.737,115.242,117.125,118.746,123.318,126.605,129.150,129.204,129.079,129.537,129.142,130.587,123.950,119.404,114.694,107.405,102.798,105.342,104.496,102.861,103.666,104.829,109.124,107.575,103.368,98.942,97.895,96.992,98.205,99.027,99.640,100.000,100.627,100.481,96.924,96.822,98.809
125,"            Professional association dues",---,---,---,---,---,---,---,---,---,---,---,8.264,9.315,9.379,10.286,10.918,12.245,15.317,17.651,21.198,24.770,26.990,28.679,30.999,33.873,35.227,37.287,43.055,47.240,50.705,56.127,58.114,57.543,56.108,55.940,53.182,52.616,54.316,55.880,56.787,60.679,62.891,63.511,62.154,61.004,62.721,63.240,66.919,65.876,67.492,69.857,73.411,76.445,80.377,83.674,85.932,85.332,88.147,92.462,95.071,89.058,88.077,87.095,88.108,91.008,91.973,92.380,90.900,92.446,100.000,96.334,100.279,89.777,95.803,94.415
126,"            Funeral and burial services",---,---,---,---,---,---,---,---,---,---,---,79.829,82.269,81.740,84.300,86.786,86.507,88.782,91.446,91.884,96.619,96.700,97.233,98.039,100.087,99.957,97.892,95.629,101.962,105.026,107.723,103.686,103.899,97.665,90.188,85.084,86.695,91.140,89.615,88.547,95.036,95.735,98.000,98.002,101.681,101.664,98.150,98.714,96.681,93.910,99.642,101.838,103.072,108.096,104.066,113.775,112.661,118.914,117.055,116.745,111.880,104.143,102.911,101.778,99.775,100.305,99.631,101.504,101.217,100.000,96.899,95.353,101.484,112.469,116.179
127,"        Tobacco",137.379,137.790,139.853,144.709,150.013,148.490,142.905,144.725,149.030,154.841,159.800,168.196,170.649,175.939,176.507,177.921,175.296,179.898,179.898,181.515,180.225,177.835,180.830,182.274,185.854,196.385,199.407,198.927,212.604,205.174,209.334,207.651,209.790,212.906,204.197,193.712,193.482,192.804,188.592,189.497,175.010,172.677,166.427,154.410,161.179,157.847,159.823,162.154,164.448,164.909,158.948,148.302,144.768,142.133,135.267,133.623,137.062,135.634,138.581,135.242,127.237,115.329,107.885,103.434,99.012,97.770,96.646,99.567,101.239,100.000,97.145,92.773,91.704,88.183,80.857
128,"    Net foreign travel and expenditures abroad by U.S. residents",---,---,---,---,---,---,---,---,---,---,---,---,---,---,---,---,---,---,---,---,---,---,---,---,---,---,---,---,---,---,---,---,---,---,---,---,---,---,---,---,---,---,---,---,---,---,---,---,---,---,---,---,---,---,---,---,---,---,---,---,---,---,---,---,---,---,---,---,---,---,---,---,---,---,---
129,"        Foreign travel by U.S. residents",3.556,4.051,4.426,4.547,5.209,5.470,5.677,6.597,7.171,7.650,8.301,8.905,9.956,9.995,10.736,11.520,11.881,12.791,13.295,15.780,14.940,16.412,18.563,18.343,20.162,19.755,18.110,17.748,18.638,19.271,19.965,19.474,19.083,20.297,23.301,26.865,39.624,43.664,39.522,49.235,51.025,51.998,54.576,49.995,52.547,55.489,58.858,58.320,60.517,66.138,71.573,67.793,76.347,73.238,68.741,65.916,70.180,71.822,74.779,73.367,70.113,71.917,73.582,73.799,77.189,74.185,77.950,86.193,92.494,100.000,106.783,113.747,31.506,47.963,106.901
130,"        Less: Expenditures in the United States by nonresidents",2.342,2.652,2.791,3.063,3.349,3.648,3.795,4.274,4.663,4.881,4.973,4.674,4.878,4.987,4.923,5.115,5.869,6.430,7.068,7.160,7.519,8.258,8.910,9.478,10.268,11.661,12.558,13.536,15.266,15.326,16.348,17.319,18.970,24.776,22.982,20.549,27.773,27.636,31.511,33.829,38.970,45.609,51.049,53.673,59.092,61.488,62.262,66.025,70.074,71.934,70.140,70.212,72.811,64.447,59.487,55.837,59.618,62.000,61.129,65.400,68.204,66.223,75.343,78.126,82.177,90.163,93.009,100.209,99.816,100.000,99.744,96.697,36.076,34.727,61.173
131,"        Net expenditures abroad by U.S. residents",---,---,---,---,---,---,---,---,---,---,---,---,---,---,---,---,---,---,---,---,---,---,---,---,---,---,---,---,---,---,---,---,---,---,---,---,---,---,---,---,---,---,---,---,---,---,---,---,---,---,---,---,---,---,---,---,---,---,---,---,---,---,---,---,---,---,---,---,---,---,---,---,---,---,---
132,Final consumption expenditures of nonprofit institutions serving households (NPISHs)28,1.642,1.647,1.658,1.630,1.811,1.861,1.939,1.976,2.121,2.154,2.259,2.490,2.776,2.849,2.935,3.041,3.378,3.556,3.673,3.842,4.043,4.084,4.340,4.593,4.829,4.870,4.793,4.819,5.112,5.201,5.444,5.627,5.919,6.411,7.521,8.730,10.163,10.969,12.455,13.445,15.457,17.778,21.639,24.717,29.850,32.298,35.128,36.805,38.906,35.812,39.323,42.381,45.923,49.714,54.824,58.881,59.799,59.632,66.960,68.867,78.980,81.882,84.537,88.552,96.619,97.392,97.198,96.798,100.376,100.000,104.783,101.330,116.556,102.231,106.898
133,"    Gross output of nonprofit institutions29",---,---,---,---,---,---,---,---,---,---,---,10.919,11.359,11.862,12.490,13.208,14.240,15.086,16.073,17.033,18.200,19.141,20.117,21.549,22.779,23.432,23.737,24.646,25.971,26.967,28.445,29.249,30.129,31.375,32.729,33.971,35.154,36.374,38.170,39.714,41.856,43.374,45.974,47.670,50.246,51.492,52.598,53.300,54.661,55.448,58.110,60.088,62.368,65.350,69.228,70.847,72.620,74.415,77.215,79.040,82.094,84.153,85.817,87.479,90.468,91.456,92.943,95.544,98.928,100.000,102.821,104.367,103.100,105.389,107.464
134,"    Less: Receipts from sales of goods and services by nonprofit institutions30",---,---,---,---,---,---,---,---,---,---,---,17.011,17.068,17.982,19.139,20.434,21.727,23.087,24.943,26.582,28.585,30.547,31.969,34.403,36.440,37.758,38.648,40.580,42.667,44.598,47.156,48.409,49.540,50.965,51.317,51.537,51.494,52.609,53.926,55.499,57.018,57.310,58.360,58.861,59.711,60.272,60.498,60.722,61.725,64.341,66.553,67.954,69.544,72.041,75.208,75.627,77.771,80.407,81.275,83.062,83.265,84.999,86.297,87.118,88.318,89.381,91.447,95.096,98.410,100.000,102.121,105.445,98.367,106.579,107.671

Legend/Footnotes
"1. Consists of household purchases of goods and services from business, government, nonprofit institutions, and the rest of the world."
"2. Consists of shoes and other footwear, and of repair and hire of footwear."
"3. Consists of space rent (see footnote 4) and rent for appliances, furnishings, and furniture."
"4. Consists of rent for space and for heating and plumbing facilities, water heaters, lighting fixtures, kitchen cabinets, linoleum, storm windows and doors, window screens, and screen doors, but excludes rent for appliances and furniture and purchases of fuel and electricity."
"5. Includes clocks, lamps, lighting fixtures, and other household decorative items; also includes repair of furniture, furnishings, and floor coverings."
"6. Consists of major household appliances, small electric household appliances, and repair of household appliances."
"7. Consists of dishes, flatware, and non-electric cookware and tableware."
"8. Consists of household supplies; domestic services; moving, storage and freight service; and other household services."
"9. Excludes drug preparations and related products dispensed by physicians, hospitals, and other medical services."
"10. Consists of offices of physicians, health maintenance organization medical centers, and freestanding ambulatory surgical and emergency centers."
"11. Includes podiatrists, chiropractors, mental health practitioners (except physicians), physical, occupational and speech therapists, audiologists, all other health practitioners, ambulance services, kidney dialysis centers, and blood and organ bank services."
"12. Consists of nonprofit hospitals, proprietary hospitals, and government hospitals. Consists of primary sales of these hospitals for personal consumption.Expenses of nonprofit hospitals are included in the expenditures of nonprofit institutions serving households (NPISHs)."
"13. Includes railway transportation, taxicab services, school and employee services, limousine services, and airport bus fares."
14. Consists of tour operators' and travel agents' margins. Purchases of travel and accommodations included in tours are accounted for separately in other personal consumption expenditures categories.
"15. Consists of fees paid to business schools and computer and management training, technical and trade schools, other schools and instruction, and educational support services."
"16. Consists of purchases (including tips) of meals and beverages from retail, service, and amusement establishments, hotels, dining and buffet cars, schools, school fraternities, institutions, clubs, and industrial lunchrooms.Includes meals and beverages consumed both on- and off-premises."
"17. Consists of transient hotels, motels, other traveler accommodations, clubs, and housing at schools."
"18. Consists of operating expenses of commercial life insurance carriers and fraternal benefit life insurance.For commercial life insurance carriers, excludes expenses for accident and health insurance and includes profits of stock companies and services furnished without payment by banks, credit agencies, and investment companies."
19. Consists of premiums plus premium supplements less normal losses and dividends paid to policyholders for insurance on personal property (except motor vehicles).
"20. Consists of premiums less benefits for health, hospitalization, and accidental death and dismemberment insurance."
21. Consists of premiums less benefits for income loss insurance.
22. Consists of premiums plus premium supplements less normal losses and dividends paid to policyholders for privately administered workers' compensation.
23. Consists of premiums plus premium supplements less normal losses and dividends paid to policyholders for motor vehicle and other transportation insurance.
"24. Consists of cosmetics and toiletries, electric appliances for personal care, hairdressing salons, and miscellaneous personal care services."
"25. Consists of jewelry, watches, luggage, and similar personal items."
"26. Consists of household purchases of goods and services from business, government, and nonprofit institutions providing social services and religious activities. Purchases from nonprofit establishments exclude unrelated sales, secondary sales, and sales to businesses, government, and the rest of the world, but include membership dues and fees."
"27. Consists of tax preparation and other related services, employment agency services, and other personal business services."
"28. Net expenses of NPISHs, defined as their gross operating expenses less primary sales to households."
"29. Gross output is net of unrelated sales, secondary sales, and sales to business, government, and the rest of the world; excludes own-account investment (construction and software)."
"30. Excludes unrelated sales, secondary sales, and sales to business, government, and the rest of the world; includes membership dues and fees."
