Table 3.1ESI. Current-Cost Net Stock of Private Fixed Assets by Industry,,,,,,,,,,,,,,,,,,,,,,,,,,,,,,,,,,,,,,,,,,,,,,,,,,,,,,,,,,,,,,,,,,,,,,,,,
[Billions of dollars; yearend estimates] ,,,,,,,,,,,,,,,,,,,,,,,,,,,,,,,,,,,,,,,,,,,,,,,,,,,,,,,,,,,,,,,,,,,,,,,,,
Bureau of Economic Analysis ,,,,,,,,,,,,,,,,,,,,,,,,,,,,,,,,,,,,,,,,,,,,,,,,,,,,,,,,,,,,,,,,,,,,,,,,,
"Last Revised on: September 2, 2020",,,,,,,,,,,,,,,,,,,,,,,,,,,,,,,,,,,,,,,,,,,,,,,,,,,,,,,,,,,,,,,,,,,,,,,,,
Line,,1948,1949,1950,1951,1952,1953,1954,1955,1956,1957,1958,1959,1960,1961,1962,1963,1964,1965,1966,1967,1968,1969,1970,1971,1972,1973,1974,1975,1976,1977,1978,1979,1980,1981,1982,1983,1984,1985,1986,1987,1988,1989,1990,1991,1992,1993,1994,1995,1996,1997,1998,1999,2000,2001,2002,2003,2004,2005,2006,2007,2008,2009,2010,2011,2012,2013,2014,2015,2016,2017,2018,2019
,,,,,,,,,,,,,,,,,,,,,,,,,,,,,,,,,,,,,,,,,,,,,,,,,,,,,,,,,,,,,,,,,,,,,,,,,
1,        Private fixed assets,562.2,581.1,655.8,713.9,751.9,783.3,815.2,888.8,958.5,1008.9,1034,1078.1,1111,1147.6,1190.4,1228.7,1314,1402.9,1522.1,1636.6,1804.7,1962.9,2121,2352.7,2594,2946.9,3468.3,3786.4,4168.9,4735.7,5412.9,6264.5,7118,7860.3,8297,8599.6,9112.5,9619,10230.6,10843.5,11536.2,12203.1,12773.6,13058.9,13608.9,14321.2,15202.7,15951.3,16767.8,17703.7,18775.2,20027,21418.9,22706.4,23838.3,25197.2,27734.8,30580.2,32900.5,34061,34882.8,33995.6,34467.5,35444,36569.3,38567.6,40346.1,41443.7,43335,45167.4,47573.4,49310.2
2,"Agriculture, forestry, fishing, and hunting",23.1,24.1,28,30.5,32.1,32.5,32.4,34.8,36.3,37.5,37.2,38,38.4,39.1,40.4,42.1,44.4,47.2,50.7,54.1,58.1,62.4,67.7,73.5,78.6,88.5,107.8,119.2,131.8,147.7,167.2,195.7,219.7,241.4,249.9,251.2,253.6,251.9,253.2,253.2,257.4,263.1,269.4,270,270.5,276.4,286.3,294.2,301.9,312,322.9,329.3,338.2,347.5,356.4,369.5,399.3,431.1,456.8,472.7,492.1,479.7,487.1,507.7,536.5,577.4,623.6,640,657.9,673,700.6,716.9
3,  Farms 1,22.6,23.6,27.4,29.9,31.3,31.8,31.7,33.9,35.3,36.4,36.1,36.9,37.3,38,39.2,40.8,43,45.7,49.1,52.3,56.1,60.2,65.1,70.7,75.5,84.7,103,113.8,125.6,140.7,159.1,185.9,208,227.5,235.1,235.7,237.5,235.1,235.5,234.9,238.5,243.5,248.4,248.1,247.6,252.7,261.6,268.9,276,286.3,297,302.9,311,319.9,328.3,340.2,366.9,394.4,416.3,430.3,446.5,433.7,438.2,455.8,482.5,521.7,564.6,579.1,592.7,604.2,624.9,635.8
4,"  Forestry, fishing, and related activities",0.5,0.5,0.6,0.7,0.7,0.7,0.7,0.9,1,1,1.1,1.1,1.2,1.2,1.2,1.3,1.4,1.5,1.7,1.8,2,2.2,2.6,2.8,3.1,3.8,4.8,5.4,6.2,7,8.1,9.8,11.7,13.9,14.8,15.4,16.1,16.9,17.7,18.3,18.9,19.7,21,21.8,22.9,23.8,24.7,25.3,26,25.6,25.9,26.5,27.2,27.6,28.1,29.3,32.4,36.6,40.5,42.3,45.7,46,48.9,51.9,53.9,55.7,59,60.9,65.3,68.9,75.7,81.1
5,Mining,18.9,18.9,21.9,24.2,26,27.1,28.4,32.3,36.1,38.8,38.7,41.4,41.2,42.6,44,44.2,46.8,50,54.5,57.5,61.7,66.1,69.7,75,80.2,87.1,113.2,129,145.1,174,212.9,247.6,300.7,422.3,433.9,394.4,411.8,421.8,389,376.9,400.8,405.5,431.8,406.5,404.6,409.5,424.2,452.5,470.3,518.9,534.2,529.5,575.6,655.2,727.3,780.7,932.6,1224.3,1424,1511.9,1648.2,1490.6,1573.8,1751.4,1885.5,2049.7,2316.6,2228.3,2154.1,2118.8,2037.3,1981.4
6,  Oil and gas extraction,14,14,16.4,18.3,19.8,20.7,21.8,25.2,28.2,30.4,30.4,32.9,32.6,33.7,34.7,34.5,36.5,38.9,42.4,44.4,47.3,50.5,52.9,56.6,60.1,64.8,85.1,95.7,106.8,128.3,157.8,181,221.2,326.6,333.2,295.4,309.7,317.2,286.2,274.6,295.5,298.9,322.8,299.3,297.8,300,308.8,331,345.1,389.3,403.2,398,441.8,518.7,590.5,643.2,783.1,1053.7,1229.2,1298,1408.5,1255.9,1327.5,1474,1581.4,1723.9,1971.1,1880.5,1811.6,1773.9,1683.1,1623.1
7,"  Mining, except oil and gas",4,3.9,4.4,4.7,4.9,5,5,5.4,5.8,6.1,5.9,5.9,5.9,6,6.3,6.5,6.8,7.3,7.8,8.4,9.2,10,10.9,12.3,13.5,15.2,19.1,22.7,26.5,31.8,38.3,46.6,54.4,61.1,63.9,63.8,65.4,66.8,66.9,67.1,69,70,71,70.7,71,73.3,78.3,82.6,85.7,87.8,88.6,89,89.8,89.3,88.1,87.8,94.6,104,116.6,125.5,135,131.9,137.4,152.4,166.9,179.2,188.1,196.4,200.4,206.2,216.8,223.1
8,  Support activities for mining,0.9,0.9,1.1,1.2,1.3,1.5,1.6,1.8,2,2.3,2.4,2.7,2.7,2.9,3,3.2,3.5,3.8,4.3,4.7,5.2,5.6,5.8,6.2,6.5,7.1,9.1,10.6,11.8,13.9,16.8,19.9,25.1,34.5,36.9,35.2,36.7,37.8,35.9,35.2,36.3,36.6,38.1,36.4,35.8,36.2,37,38.9,39.5,41.8,42.4,42.4,44.1,47.1,48.7,49.6,54.9,66.6,78.2,88.3,104.7,102.8,108.9,125,137.3,146.6,157.4,151.4,142.1,138.7,137.4,135.3
9,Utilities,25.6,28.3,33.4,36.8,41,44.7,47.2,53.2,60.6,66.7,70.2,74.4,76,77.6,78.9,81,84.3,88.7,93.2,102.1,112.6,122.5,137.8,153.6,166.2,193.6,236.1,268.9,294.6,322.7,359.2,405.4,460.2,502.9,533.2,551.1,575.1,600,626.3,664.1,708.7,747.9,774.5,790.8,812.2,849.7,877.6,906.9,919.6,940.7,951.7,983,1038.9,1089.3,1129.8,1172.2,1295.5,1371.1,1472.7,1590.5,1744.8,1736,1859.2,1980.2,2064.4,2126.1,2222.4,2267.8,2367,2453.2,2638,2766.5
10,Construction,3.8,4,4.8,5.3,5.5,5.8,5.9,6.5,7,7.7,8.1,8.6,8.9,8.9,9.2,9.9,10.7,11.6,12.7,13.7,15,16.6,18.3,19.9,21.5,24.6,31.6,35.7,38.6,43.5,50.1,57.3,63,66.9,66.2,64.7,65.5,66.8,69,71,73.3,77.6,81.3,80.6,81.1,85.3,93.1,103.1,115.6,128.5,144.3,161.7,173.9,179.8,187.8,191.7,209.9,227.9,247.2,264.4,283.6,266.7,263.2,270.8,278.3,287.9,298,309.2,322.2,334.7,359.8,379
11,Manufacturing,55.4,54.8,62.7,69.1,73.3,77.4,80.2,88.8,101.3,110.3,111.6,115.4,118.8,122.2,127.3,132.5,141.3,153.2,171.8,188.7,209.7,231.8,255.2,277.4,298.6,331.5,401.5,448.2,490.9,547.2,617.8,712.6,820.7,911.2,971.2,1002.5,1052.7,1116,1174.7,1233,1292.3,1360.6,1437,1482.6,1535.4,1586.6,1671.4,1768,1863.5,1963.1,2071.5,2168.8,2272.3,2339,2369.4,2407,2515,2649,2776.9,2945.6,3133,3088.4,3137,3263.3,3355.4,3491.4,3590.2,3643.4,3723.6,3873.2,4058.2,4212.9
12,  Durable goods,26,25.7,29.7,33.3,36.3,38.9,40.8,45.8,53.7,59.4,60.3,62.7,65,66.7,69.5,72.3,77.4,84.2,95,105.3,117.6,130.4,143.2,154.5,166,184.7,223.3,247.7,269.4,299.6,338.7,392.3,453.7,506.7,538.9,554.2,583.8,621.7,656.4,688.8,717.2,749.7,784.2,801,822.6,845.5,891.5,948,1008.7,1075.2,1142.6,1200.8,1265.6,1307.4,1311.5,1318.6,1365.6,1430.3,1489.9,1564.9,1660.4,1616.5,1629.6,1696.4,1741.9,1807.4,1850.8,1867.6,1892.1,1954.1,2037.8,2101.6
13,    Wood products,1.2,1.2,1.4,1.5,1.6,1.6,1.7,1.9,2.2,2.3,2.3,2.4,2.5,2.5,2.6,2.7,2.9,3.2,3.5,3.8,4.1,4.5,4.9,5.4,6,6.8,8.5,9.5,10.4,11.7,13.4,15.6,17.8,19,19.4,19.3,19.7,20.3,21,21.6,22.2,22.8,23.5,23.4,23.4,23.9,25.3,26.9,28.4,29.1,30,30.9,31.6,32,32,31.8,33.7,35.8,38.3,39.9,41.3,38.5,37.6,37.7,37.7,39.1,40.7,41.8,42.8,44.5,47.5,50.2
14,    Nonmetallic mineral products,3,2.9,3.3,3.6,3.7,3.7,3.8,4.3,5.2,5.8,5.8,6.1,6.2,6.4,6.7,6.8,7.2,7.8,8.6,9,9.6,10.4,11.3,12.1,13,14.4,17.3,19.2,20.7,22.8,25.7,29.3,33.5,36.2,37.3,37.4,38.6,40.8,42.8,44.7,46.1,47.9,49.8,50.2,50.7,51.1,52.5,54.1,55.8,58,60.7,63.2,66.2,68,69.5,70.8,74.3,78.5,83.3,89.2,93.3,89.6,88.6,90,90.3,91.4,92.7,93.4,95.2,98.8,102.7,106
15,    Primary metals,7.5,7.4,8.4,9.6,10.9,11.4,11.6,12.7,14.8,16.6,16.9,17.2,17.7,17.9,18.2,18.6,19.8,21.3,23.7,26,29,31.5,34.3,36.7,38.5,41.3,49.4,55.5,60,66.1,72.5,81.4,91.4,98.6,101.7,102.1,103.2,105.5,106.7,108.5,111,114.1,117.8,118.6,119.3,119.9,123.3,126.3,128,129.3,131.2,132,133,133,132.1,130.5,134.6,139.6,144.1,150.9,162.4,159.6,161.3,167,170.4,173.9,174.5,172.8,172.5,175.6,184.6,190.7
16,    Fabricated metal products,2.5,2.5,3,3.4,3.7,4,4.3,4.9,5.7,6.3,6.3,6.6,6.8,6.9,7.2,7.5,8.1,8.7,9.8,11,12.3,13.7,15,16.1,17.3,19.5,23.9,27,29.7,33.6,38.5,44.9,52.1,58.1,61.5,62.4,65,68.8,72.7,76.2,79.1,82.3,86.3,87.6,89.5,92,96.2,101.8,105.7,109.9,114.7,118.8,123.2,125.4,127,127.6,133.4,139.5,145.5,153.7,164.2,159.5,160.5,167.6,174.5,181,185.4,186.8,189.8,196.4,207.8,215.5
17,    Machinery,2.6,2.6,3,3.4,3.7,4.1,4.4,4.9,5.6,6.1,6.2,6.4,6.6,6.8,7,7.3,7.8,8.4,9.4,10.5,11.7,13,14.3,15.5,16.8,18.9,23.2,26.5,29.2,32.9,37.9,44.8,52.8,60.3,65.7,68.6,72.9,77.9,81.5,84.9,88.3,92.4,97.1,99.6,102.6,104.8,110.3,117.1,125,137.1,147.6,156.3,163.6,166,164,162.8,167.3,173.7,180.1,187.6,198.6,195.7,199.1,210.9,217.6,226.3,230.6,231,232.3,237.8,246.6,253
18,    Computer and electronic products,2.3,2.3,2.6,3,3.2,3.4,3.6,4,4.7,5.3,5.6,6.1,6.5,7,7.6,8.1,8.9,10,11.6,13.4,15.4,17.5,19.7,21.6,23.5,27,33.2,36.7,40,44.5,50.7,59.6,70.7,81,89.2,95.1,104.4,113.9,122,130.1,138.5,147.3,156.3,161.9,169,176.5,191.2,211.7,238.6,266,293.1,316.3,350.7,380,376.9,375.9,383.5,400.2,414.9,437.2,472.7,460.9,467.3,491.7,503.7,522,533,534.9,538.7,554.5,574.5,595.2
19,"    Electrical equipment, appliances, and components",1.3,1.2,1.4,1.5,1.6,1.8,2,2.3,2.8,3.1,3.2,3.3,3.6,3.7,3.9,4.1,4.3,4.7,5.3,5.8,6.5,7.4,8.1,8.9,9.7,11,13.3,14.6,15.8,17.1,19,21.7,25.1,28,30.1,31.5,33.6,35.5,37.3,38.2,39.5,41.1,42.9,43.6,44.6,45.3,47.1,49.6,51.9,53,54.1,55,57,57.9,57.8,57.6,59.3,61,63.1,65.3,68.1,66.1,66.2,68.1,69.5,71.7,73.3,74.2,74.8,77.7,81.2,84.2
20,"    Motor vehicles, bodies and trailers, and parts",2.5,2.5,2.9,3.3,3.7,4.2,4.7,5.4,6.3,6.7,6.7,7,7.2,7.3,7.6,8,8.7,9.6,10.7,11.5,12.6,13.9,15.2,16.5,17.9,19.9,23.8,25.6,27.4,31,35.9,42,48.6,55.7,57.2,55.8,57.3,61.5,66.6,70.6,71.9,75,78.8,81.4,83.8,89.8,98.5,109.4,118.8,127.7,136.9,145.3,152.3,155.6,159.6,166,173.5,181.6,187.2,192,195.7,185.4,186.3,193.3,205.4,219.8,232.6,240,244.6,255.1,265.3,270.5
21,    Other transportation equipment,1.6,1.5,1.7,1.9,2.1,2.2,2.3,2.6,3.3,3.8,4,4.2,4.3,4.5,4.8,5.1,5.4,5.9,7.1,8.5,9.9,11.4,12.5,13.1,13.7,15,17.3,18.6,20.1,21.9,24.7,29.1,34.3,39,43.5,47.1,52.2,57.9,63.9,69.2,73.4,76.7,79.3,80.7,83.6,84.9,87.3,89,91.4,97,102.5,107.2,108.6,107.8,108.9,110.2,115.6,124.2,131.9,142.6,152.4,152,152.6,155.7,155.5,161.5,165.5,169.4,176.7,185.5,193.5,197.4
22,    Furniture and related products,0.4,0.4,0.4,0.5,0.5,0.5,0.5,0.5,0.6,0.6,0.6,0.6,0.6,0.6,0.7,0.7,0.8,0.8,0.9,1.1,1.2,1.3,1.4,1.6,1.8,2.1,2.5,2.7,2.9,3.3,3.8,4.3,5,5.4,5.8,6,6.4,6.9,7.4,7.9,8.4,9,9.5,9.6,9.8,10.3,11,11.9,12.7,13.7,14.9,16.2,17.2,17.7,18.5,18.7,19.6,20.6,21.7,22.6,23.3,21.9,21.4,21.6,21.7,22,22.1,22.3,22.6,23.1,24,24.6
23,    Miscellaneous manufacturing,1.2,1.2,1.4,1.6,1.8,1.9,2,2.2,2.5,2.6,2.7,2.8,2.9,3,3.2,3.3,3.5,3.8,4.3,4.7,5.3,5.9,6.5,7.1,7.7,8.7,10.7,11.8,13.2,14.8,16.7,19.5,22.6,25.3,27.5,28.8,30.6,32.7,34.5,36.9,38.8,41,43.1,44.5,46.3,47,48.5,50.4,52.4,54.3,56.9,59.6,62.3,63.8,65.3,66.6,70.8,75.6,79.9,84,88.4,87.2,88.8,92.8,95.6,98.7,100.3,101.1,102.2,105.2,110.1,114.4
24,  Nondurable goods,29.4,29.1,33,35.8,36.9,38.5,39.4,43,47.6,51,51.3,52.7,53.8,55.4,57.8,60.3,64,69.1,76.8,83.4,92.1,101.4,112,122.9,132.6,146.8,178.2,200.5,221.5,247.6,279.1,320.3,367,404.5,432.3,448.4,468.9,494.2,518.3,544.2,575,611,652.8,681.7,712.8,741.1,779.9,819.9,854.8,887.9,928.9,968.1,1006.6,1031.7,1057.9,1088.3,1149.5,1218.6,1287,1380.6,1472.6,1471.9,1507.3,1566.9,1613.4,1684,1739.4,1775.9,1831.6,1919.1,2020.4,2111.3
25,    Food and beverage and tobacco products,10.3,10.1,11.3,11.9,11.9,11.9,11.8,12.7,13.6,14.1,13.9,14.1,14.1,14.3,14.8,15.3,16.1,17,18.4,19.7,21.4,23.3,25.5,28.2,30.9,33.9,40.5,44.9,48.9,54.4,61.6,70.7,81.2,89.9,96.2,100,105.2,111.3,117.5,123.2,129.5,136.3,144,149.1,155,159.8,166.6,173.4,177.9,182.2,188.1,194.2,199.9,204.3,209.2,213.5,226.7,240.6,254.5,267.4,286,281,285.1,296,303.8,313.2,321.6,327.7,334.9,348.3,364.5,377.9
26,    Textile mills and textile product mills,4,4,4.5,4.8,4.7,4.7,4.5,4.8,5.1,5.1,4.9,4.9,4.9,4.9,5,5.1,5.4,5.8,6.5,7,7.6,8.4,9,9.9,10.9,12,14.5,15.5,16.6,18.1,19.9,22.1,24.5,26.3,27,27.6,28.6,29.7,30.9,32.2,33.6,35,36.6,37.1,37.7,38.8,40.9,42.4,43.2,44.2,45.2,45.5,45.2,44.5,43.5,42.3,42.9,43.4,43.9,44.3,45.2,42.8,41.6,41.6,41.1,41.2,41.1,40.6,39.9,39.9,40.6,41.1
27,    Apparel and leather and allied products,0.6,0.6,0.6,0.7,0.7,0.7,0.7,0.8,0.8,0.9,0.9,0.9,0.9,0.9,1,1.1,1.2,1.3,1.4,1.6,1.8,2,2.3,2.6,3,3.5,4.2,4.6,4.9,5.4,6.1,6.8,7.7,8.4,8.7,9,9.4,9.9,10.4,10.8,11.3,11.8,12.3,12.5,13,13.5,14.3,15.1,15.6,16.2,16.9,17.5,18,18.2,18,17.8,18.2,18.8,19.3,19.5,19.8,18.7,18.2,18.3,18.2,18.4,18.2,17.8,17.5,17.5,17.7,17.8
28,    Paper products,3.1,3.1,3.5,3.8,3.9,4.1,4.3,4.9,5.7,6.3,6.4,6.6,6.8,6.9,7.2,7.5,8,8.8,10,11,12,13.1,14.4,15.4,16.1,17.6,21.7,25,27.9,31.5,35.7,41.3,47.9,52.1,54.8,56.2,58.3,61.8,65.2,68.2,72.9,79.1,86.9,90.5,92.8,94.5,97.3,100.3,102.5,103.5,105.1,104.5,104.9,104.3,103.4,102.8,104.8,106.7,110.9,113.4,116.1,110.4,109.7,111.8,113.7,114.7,117.3,118.1,118.7,122.7,129.7,136.3
29,    Printing and related support activities,1,1,1.2,1.3,1.2,1.3,1.3,1.4,1.6,1.7,1.8,1.9,2,2,2.1,2.3,2.4,2.6,2.9,3.3,3.6,4,4.4,4.8,5.2,5.9,7.1,7.8,8.5,9.5,10.9,12.6,14.6,16.2,17.2,18.1,19.3,21.1,22.9,24.5,26.2,28,30,30.9,31.7,32,33.2,34.1,34.9,36.8,38.5,40.5,42,42.7,43.1,43.2,45.5,47.8,49.7,51.8,53.8,50.9,49.3,49.9,49.3,48.6,48.1,46.9,46.4,47,47.1,47.2
30,    Petroleum and coal products,3.8,3.8,4.4,5,5.4,6.1,6.5,7.2,8.1,8.9,9,9.2,9.3,9.5,9.8,10,10.3,10.8,11.6,12.4,14,15.4,17.1,18.8,19.9,21.7,26.2,29.7,33.2,36.7,40.8,47.3,54.6,61.7,68.3,72.1,75.2,78.3,80.8,83,85,87.4,90.4,92.8,96.5,99.3,103.3,107.4,110,110.9,112.5,113.4,115.1,117.1,120.2,124,131.3,142.1,152.9,169.3,185.5,190.5,195.4,201.4,210.5,228.1,234,236.4,240.4,249.4,258.7,266.8
31,    Chemical products,5.6,5.5,6.3,7.1,7.7,8.3,8.6,9.5,10.8,11.8,12.3,12.8,13.4,14.3,15,15.9,17.2,19.1,21.6,23.7,26.4,29.1,32.4,35.6,38.1,42.3,51.5,59.1,66.1,75.3,85.2,97.8,112.1,123.8,132.6,137.6,143.7,150.4,156.8,166.1,178.4,192.3,208.2,222.7,238.3,253,270.6,289.5,309.3,329.6,354.4,380.6,406.9,424.7,443.2,466.5,498.8,534.9,568,623.8,671.5,686.8,717.4,755,782.7,823,858.9,886.9,928.3,984,1048,1105.9
32,    Plastics and rubber products,1,1,1.1,1.3,1.4,1.5,1.6,1.8,2,2.2,2.2,2.3,2.5,2.7,2.9,3.1,3.4,3.7,4.3,4.7,5.4,6.1,6.9,7.6,8.5,9.9,12.5,13.9,15.2,16.8,18.9,21.6,24.3,26.3,27.4,27.7,29.3,31.8,33.9,36,38.1,41.1,44.3,46.1,47.9,50.2,53.6,57.8,61.3,64.5,68.3,71.8,74.7,75.8,77.4,78.1,81.3,84.5,87.8,91.1,94.6,90.8,90.6,92.9,93.9,96.6,100.1,101.6,105.5,110.5,114.1,118.3
33,Wholesale trade,3.4,3.4,3.9,4.3,4.3,4.4,4.5,5,5.6,6,6.1,6.4,6.7,7.1,7.8,8.7,9.9,11.3,13,14.5,16.6,18.8,21,23.2,26.5,31.2,37.9,41.5,46.2,52.5,63,75.2,88.7,102.4,116,128.3,144.9,158.1,171.8,182,193.7,203.4,210.9,212.7,216,227.6,244.5,262.7,279.1,297.3,314.5,329.6,346.7,351.3,354.2,362.9,391.4,431,465.4,479.3,505.9,486.4,489.9,514.1,532.3,542.7,566.3,587,615.3,647.5,687.1,723.2
34,Retail trade,14.9,14.5,16.5,17.7,17.8,17.9,18.1,20.1,22,22.5,22.7,23.6,24.1,25.2,26.5,27.8,29.9,32.3,35.5,38.4,42.6,47.3,52.3,58.8,65.4,74.3,89.1,95.9,104,115.7,131.5,152.9,174,191.7,205.5,218.1,236,253.5,274.6,294.9,318.9,341.3,362.7,373.9,389.8,413.3,443.7,470.9,498.4,523.8,565.4,605.1,655.6,701,741.3,782.8,873.6,957,1046.2,1106.2,1182.6,1126.4,1130.6,1176,1204.2,1233.9,1265.9,1292.6,1323.7,1376.2,1431.4,1487.4
35,Transportation and warehousing,75.9,78.4,84.4,89,92.7,96.4,96.8,103.2,110,115.1,115.5,116.5,115.6,114.8,114.9,114.1,115.4,117.9,121.4,126.2,134.2,143.9,152.8,162.2,170.9,188.2,232.1,253.9,277.8,297.2,327.5,373.6,414.3,453.2,475.3,491.3,506.5,508.4,507.4,521.6,538.5,555,563.4,567.8,580.1,611.2,635.7,667.1,694,719.1,751.3,780.7,820.4,852.6,859.1,867.4,916.8,957,1005.3,1036.5,1098.1,1072.3,1094.9,1136.1,1170,1208.8,1274.3,1319.5,1365.4,1424,1515.8,1587.5
36,  Air transportation,0.9,1,1.2,1.2,1.3,1.4,1.5,1.7,2.1,2.5,2.7,3.2,3.7,4.2,4.8,5,5.3,6.2,7.4,9,11,12.8,14.3,14.9,15.9,17.8,20.5,22.2,24.5,27.3,31.7,40.7,48.1,54.7,57.5,60.2,62.8,65.6,68.2,69.3,73.3,77.1,81.6,86.3,95.1,100.8,105.5,115.3,125.7,138.2,152.7,165.3,184,199.6,197.5,195.1,203.1,205.6,209.4,215.1,228,218.7,219,223.4,225.6,233.1,242.4,249.6,259,275.6,295,305.9
37,  Railroad transportation,48.1,50.1,53.7,56.2,58.6,60.9,61.3,65.2,68.7,71.6,71.7,71.5,69.9,68.6,67.8,66.6,66.9,67.2,67.5,68.7,71.4,74.9,78.3,82.5,85.5,93.5,118.3,127.4,137.3,142.1,154.3,174.3,190.4,204.9,216.6,224.4,229.6,226.4,220.8,227.4,229.7,235.2,236.3,235.8,239.6,254,258.2,264.5,272.6,273.3,279,282,287.7,296.9,299.8,306.3,311.1,318,326.8,336.5,348.8,350.9,359.3,368.6,378.5,386.8,398,412.6,419.4,425.8,432.4,440.3
38,  Water transportation,3.4,3.1,3.2,3.4,3.5,3.7,3.7,3.8,4.2,4.5,4.6,4.7,4.8,4.7,4.8,4.8,4.9,4.9,5.1,5.3,5.7,6.2,6.7,7.1,7.8,8.9,11.1,12.4,14,16,17.9,20.9,24,28.1,28.7,29.4,30.2,30.5,31,30.6,31.1,31.3,31.3,31,30.2,31.1,32,32.5,33.9,35.9,36.8,37.2,37.1,36.1,35.8,35.5,36.6,37.2,39.3,39.9,41.5,42.3,43.4,44.4,45,47.5,51.2,55.2,57.7,59.7,63.1,67.7
39,  Truck transportation,1.7,1.9,2.3,2.5,2.6,2.6,2.6,2.8,3.2,3.4,3.6,3.9,4,4.1,4.4,4.4,4.6,4.7,5.1,5.1,5.5,6.1,6.6,7.3,8.3,9.8,11.2,12,13.5,15.8,19,22.1,23.4,25.2,26.6,28.1,31.2,33.1,34.4,36.7,39.8,40.9,40.7,40,39,40.8,46.8,53.4,55.3,60,64.4,67.9,71.4,72.1,73.3,73.9,81.6,95.9,110.5,110.5,112.7,106.3,106,112.2,118,123.3,133.3,142,147.4,152,165.7,177
40,  Transit and ground passenger transportation,5.6,5.7,6,6.2,6.3,6.4,6.5,6.8,7.1,7.3,7,7,6.8,6.7,6.6,6.6,6.6,6.6,6.7,6.8,7.1,7.3,7.7,8.1,8.3,8.9,10.8,11.5,12.2,12.7,13.5,14.8,15.8,16.9,17.9,18.6,19.3,19.4,19.6,20.7,21.7,22.7,23.3,23.7,24.4,25.9,27.2,28.4,30,30.6,32.1,34.5,36.5,37.6,36.8,37,38.2,39.4,41.1,42.7,43.2,42,42.4,42.3,42.6,44.3,43.7,44.1,44.5,45.5,47.6,49.3
41,  Pipeline transportation,5.6,5.9,6.4,6.7,7.3,7.6,7.6,8.2,8.8,9.3,9,9.1,9,8.9,8.7,8.5,8.3,8.6,8.7,8.9,9.6,10.3,11.1,12.2,12.6,13.9,16.6,19.8,23.5,26.5,29.1,31.2,35.9,40.3,42.4,43.3,43.9,42.8,42.3,43.9,45.9,47.5,48,49,50.3,53.7,56.5,58,60.2,63.1,64.9,68.9,73.1,75.5,79.9,82.2,101.7,110.9,117.4,127.5,153.7,147.9,161.4,177.1,190.1,203.6,228.8,231.6,249.7,268.5,299.5,321.4
42,  Other transportation and support activities 2,9.2,9.4,10.2,11.1,11.6,12.1,12,13,14,14.6,14.9,15.1,15.3,15.3,15.5,15.7,16.1,16.9,18.2,19.4,20.6,22.7,24.3,25.9,28,30.2,37.7,42.6,46.4,50,54.4,61,67.6,73.4,75.6,77.2,79.1,79.7,79.8,81.3,84.7,87.5,89,88.8,88.1,90.9,94.3,98.8,99.5,99.9,102.5,105,109.4,112.4,112,112.1,116.8,120.3,127.5,128.6,130.3,124.9,123.4,126.8,128.2,126.5,129.6,135.4,136.3,141.3,151.2,159.3
43,  Warehousing and storage,1.2,1.2,1.4,1.6,1.6,1.6,1.6,1.7,1.9,2,2,2.1,2.1,2.2,2.4,2.5,2.6,2.7,2.8,3,3.2,3.5,3.8,4.2,4.6,5.1,5.8,6,6.3,6.9,7.6,8.5,9.2,9.6,9.9,10.1,10.5,10.8,11.2,11.7,12.2,12.7,13.1,13.2,13.4,13.9,15.1,16.2,16.8,17.9,18.9,19.9,21.3,22.5,24,25.3,27.8,29.6,33.2,35.7,39.9,39.2,40.1,41.4,42,43.8,47.5,49,51.5,55.5,61.3,66.7
44,Information,17.9,18.9,21,22.6,23.6,25.4,27.1,29.6,32.8,35.5,37.3,40,42.8,45.4,48.1,52.2,55.9,61.3,68,75.5,82.9,93.9,104.6,113,122.8,137.7,162.2,174.2,191.3,210,239.9,276.9,317.4,350.8,379.4,398.1,428.2,457.1,488,521.4,563,612.4,651.1,682.7,716.5,755,800.3,854.4,908.5,955.1,998.3,1078.9,1195,1262.4,1282.9,1296,1372.3,1462.5,1595,1646.7,1711.7,1711.5,1817.1,1895.4,1933.9,1991.5,2056.5,2109.1,2188.2,2313.9,2461,2590.5
45,  Publishing industries (includes software),1.4,1.5,1.7,1.8,1.9,2,2,2.2,2.4,2.7,2.9,3,3.2,3.4,3.6,3.8,4.1,4.6,5.1,5.7,6.4,7.2,8,8.8,9.6,10.5,12.1,13.5,14.7,16.5,18.6,21.2,24.4,27.4,30,32.5,35.7,39.4,43,47.3,52.1,57.3,63.1,66.5,70.3,73.2,77,80.6,84.1,88.8,96.1,106.1,116.1,123.6,136.8,153.9,167.8,179.8,194.2,217.1,232.2,238.8,249.4,265.7,271.7,289.7,309.2,314.7,324,339.4,354.3,369.4
46,  Motion picture and sound recording industries,5.7,5.9,6.3,6.4,6.6,6.9,7.2,7.6,8,8.5,8.7,9.4,9.7,10.4,10.8,11.6,12.4,13.4,14.5,16.1,17.6,19.3,20.5,21,21.7,22.5,24.3,25,26.8,28.8,31.5,34.8,37.7,41.1,44.3,47.9,53.7,58.5,64.6,71.7,77.8,86.6,94.3,101.7,106.5,113.7,121.9,132.8,143.2,152.4,159.7,173.4,185.9,192.5,201.2,210.7,221.3,234.4,250,253.5,257.2,254.2,258,259.2,258.9,260.2,265.2,275.3,283.9,294.2,301.9,311.6
47,  Broadcasting and telecommunications,10.7,11.5,12.9,14.2,15.1,16.4,17.8,19.7,22.2,24.2,25.5,27.4,29.7,31.4,33.4,36.5,39.1,43,48.1,53.3,58.4,66.7,75.2,82.4,90.5,103.6,124.5,134.2,148.2,162.8,187.7,218.4,252.5,279.2,301.6,313.8,334.6,354.4,374.8,396.1,426,460.8,485.1,505.4,530,557.8,590.3,629.2,668.5,699.4,722.6,771,854.5,901.4,893.9,875.7,922.7,984,1079.3,1098.4,1142,1137.4,1212.8,1260,1282.2,1298.4,1312.4,1322.2,1342.5,1394.7,1455.6,1505.9
48,  Information and data processing services,0.1,0.1,0.1,0.1,0.1,0.1,0.1,0.1,0.1,0.2,0.2,0.2,0.2,0.2,0.2,0.3,0.3,0.3,0.4,0.4,0.5,0.7,0.7,0.8,1,1.1,1.3,1.4,1.6,1.8,2.2,2.5,2.8,3.1,3.4,3.8,4.3,4.8,5.6,6.3,7.1,7.8,8.6,9.1,9.6,10.4,11.1,11.9,12.7,14.5,19.9,28.4,38.5,45,51,55.7,60.5,64.3,71.5,77.7,80.3,81.1,97,110.5,121.1,143.2,169.6,196.8,237.7,285.6,349.3,403.7
49,Finance and insurance,3.9,3.7,4.2,4.9,5.1,5.2,5.2,5.9,6.7,7.2,7.4,7.8,8.2,8.6,9.2,9.7,10.8,12,13.4,15,17.8,20.6,23.3,26.6,29.9,35.1,44.5,51.3,58.5,67.1,79.1,96.8,117.2,138.7,157.9,175.4,199.6,228.4,263.1,295.8,333.5,373.9,409.9,428.3,447.4,476.1,513,541.2,571.7,606.6,660.5,722.1,780.3,816.3,843.7,868.8,946.3,1022.8,1102.2,1162.7,1214.5,1159.9,1152.4,1182.3,1207.6,1245.6,1289,1338.9,1389.1,1434,1508.9,1569.4
50,  Federal Reserve banks,0,0,0,0.1,0.1,0.1,0.1,0.1,0.1,0.1,0.1,0.1,0.1,0.1,0.1,0.1,0.1,0.1,0.2,0.2,0.2,0.2,0.2,0.3,0.3,0.4,0.4,0.5,0.6,0.7,0.8,0.9,1,1.1,1.2,1.3,1.4,1.5,1.6,1.8,1.9,2,2.1,2.2,2.4,2.9,3.4,4.4,5.3,6.2,7.1,8.6,9.2,9.1,8.8,8.7,9.2,9.6,10.1,10.6,11,10.5,10.3,10.3,10.3,10.2,10.2,10.2,10.2,10.3,10.6,10.7
51,  Credit intermediation and related activities,3.2,3,3.3,3.8,4,4.1,4.1,4.6,5.2,5.5,5.6,5.9,6.2,6.4,6.9,7.2,8,8.8,9.8,10.9,13.1,15.2,17,19.3,21.6,25.4,32.5,37.8,43.4,50,59.1,71.6,86.2,101.2,113.5,124.3,139.2,156.5,177.4,195.8,218.4,242.6,263.7,273,284.2,299.3,320.1,334.6,357,379.1,413,451.6,486.2,506.7,526.2,542.5,592.3,644.1,698.1,736.3,764.2,720.8,716,736.7,759,786.7,822.7,861.4,897.5,923.6,969.2,1005.2
52,"  Securities, commodity contracts, and investments",0.2,0.2,0.2,0.3,0.3,0.3,0.3,0.3,0.3,0.3,0.3,0.3,0.3,0.3,0.4,0.4,0.5,0.6,0.6,0.7,0.9,1.1,1.4,1.6,1.9,2.3,2.8,3.1,3.4,3.7,4.2,5.7,7.3,9.6,12.3,15.2,19.3,24,30.3,37.1,44,50.1,54.3,55.8,53.2,57.5,60.2,62,64,67.7,74,81.9,91.5,96.6,99.4,100.8,109.4,117.5,128.1,139,148.7,150,151.7,155.5,154.8,157.3,160.1,164,171.6,182.5,197.5,210.8
53,  Insurance carriers and related activities,0.4,0.4,0.5,0.6,0.7,0.7,0.7,0.8,1,1.1,1.2,1.3,1.4,1.5,1.6,1.7,1.9,2.2,2.5,2.8,3.2,3.7,4.2,4.7,5.2,6,7.5,8.6,9.8,11.2,13.3,16.7,20.4,24.4,28.2,31.6,36.4,42.8,49.7,56.5,64,73.3,83.3,90.4,100,108,120,130,134.4,141.1,152.1,164.2,175.9,184.5,188.9,195.4,209.2,220.5,230.9,237.6,248.5,238.6,234.9,239.4,243.1,251.1,255.9,263.5,270.2,277.7,290.6,301.4
54,"  Funds, trusts, and other financial vehicles",0.1,0.1,0.1,0.1,0.1,0.1,0.1,0.1,0.1,0.1,0.1,0.2,0.2,0.2,0.2,0.2,0.2,0.3,0.3,0.3,0.4,0.5,0.5,0.6,0.8,1,1.2,1.3,1.3,1.5,1.7,1.9,2.2,2.4,2.6,2.9,3.2,3.6,4.1,4.6,5.2,5.9,6.5,6.9,7.6,8.4,9.3,10.2,11.1,12.5,14.2,15.9,17.6,19.3,20.4,21.5,26.2,31.1,35.1,39.3,42.2,40,39.5,40.3,40.4,40.3,40.1,39.8,39.6,40,41,41.4
55,Real estate and rental and leasing,278.7,292.1,328.9,358.1,376.5,391,412.2,445.4,468.5,484.9,499.7,522.4,543.2,563.6,585.1,600.8,649.1,691.2,748.7,800,886.1,952.4,1010.8,1136.2,1274.5,1462.7,1663.8,1796.4,1988.7,2313.1,2664.6,3094.7,3483.8,3748.9,3919.5,4084.9,4331.3,4584.4,4962.6,5297.3,5638.6,5955.7,6191.3,6321.1,6641.1,7030.8,7514.7,7849.4,8279.2,8751.1,9327.9,10035,10738.4,11481.9,12218.1,13184.4,14706.3,16381.5,17543.3,17842.5,17613.7,17200.4,17227.3,17382.4,17893.5,19099.2,19977.8,20696.7,22030.9,23081.9,24401.4,25252.4
56,  Real estate,277.9,291.3,327.9,356.9,375.1,389.3,410.4,443.4,466.1,482.3,497,519.5,540.1,560.3,581.6,597,645.1,686.7,743.5,793.8,878.7,943.5,1000.5,1124.9,1261.5,1447.6,1646.2,1777.4,1967.5,2288.4,2636.2,3062.8,3449.1,3712.3,3881.9,4046.6,4291,4541.6,4916.4,5247.2,5584.1,5898.1,6131.6,6260.2,6576.5,6957.7,7428.1,7746.4,8157.9,8604.7,9167.5,9839.3,10511.5,11243.6,11979.5,12935.8,14437.6,16085.9,17208.4,17488.8,17252.9,16858.2,16879.9,17013.1,17492.5,18677.4,19528.3,20213.6,21524.6,22552.9,23833.9,24657.9
57,  Rental and leasing services and lessors of intangible assets 3,0.8,0.8,1,1.2,1.4,1.7,1.8,2.1,2.4,2.6,2.8,2.9,3.1,3.3,3.5,3.8,4,4.4,5.2,6.1,7.4,8.9,10.2,11.3,13,15.1,17.6,19,21.2,24.7,28.5,31.9,34.7,36.6,37.6,38.3,40.2,42.8,46.3,50.1,54.5,57.6,59.8,60.9,64.6,73,86.6,103,121.2,146.3,160.4,195.6,226.9,238.3,238.7,248.6,268.7,295.6,334.9,353.7,360.8,342.2,347.4,369.3,401,421.7,449.5,483.1,506.2,529,567.5,594.6
58,"Professional, scientific, and technical services",1.7,1.7,2,2.4,2.5,2.8,2.9,3.2,3.6,4,4.2,4.5,4.7,5,5.4,5.7,6.2,6.6,7.4,8.1,8.9,9.9,11,12.2,13.6,15.7,18.9,20.5,22.6,25.8,30,35.3,41.5,47.1,53.6,59.2,66.2,73.4,82.7,92.3,103.1,113.7,123.8,132,141.7,151.6,162.1,173.7,185,206.3,230.3,267.6,305.3,325.9,346,369.8,398.5,436.3,469.5,500.7,537,544.1,561.9,582.2,600.9,624.5,635.4,651.4,674.3,712.3,767.6,818.4
59,  Legal services,0.3,0.3,0.3,0.4,0.4,0.4,0.4,0.5,0.5,0.6,0.6,0.6,0.7,0.7,0.7,0.7,0.8,0.9,1,1,1.1,1.2,1.3,1.4,1.6,1.8,2.2,2.3,2.5,2.7,3.1,3.8,4.7,5.7,6.4,7.1,8.1,9,10,10.8,11.6,12.3,13.3,13.6,14,14.5,14.9,15.3,15.7,16.8,18.4,20.5,22.6,24.3,26.7,28.4,31.9,35.4,38.2,40.2,43.8,43.1,42.5,42.7,43.3,44.4,44.4,44.7,45,46.7,48.1,49.2
60,  Computer systems design and related services,0.2,0.2,0.2,0.2,0.2,0.2,0.2,0.2,0.3,0.3,0.3,0.3,0.3,0.3,0.3,0.4,0.4,0.4,0.5,0.5,0.6,0.7,0.8,0.9,1.1,1.3,1.6,1.6,1.8,2.1,2.5,3,3.5,4.1,4.9,5.7,6.9,8,9.6,11.2,12.9,14.2,15.3,15.8,16,17.3,18.5,20.5,22.9,27.7,33.3,43.1,51.2,53.9,57,59.8,66.7,71.8,78.8,83.1,88,91.7,93.2,94.4,93.6,94.9,93.2,93.9,95.7,94.8,101.4,107.7
61,"  Miscellaneous professional, scientific, and technical services 4",1.2,1.3,1.5,1.8,1.9,2.1,2.2,2.5,2.8,3.1,3.4,3.6,3.8,4,4.3,4.6,5,5.4,5.9,6.5,7.2,8,8.9,9.9,11,12.6,15.1,16.6,18.4,20.9,24.3,28.5,33.2,37.3,42.3,46.4,51.3,56.4,63.1,70.3,78.6,87.2,95.3,102.6,111.7,119.8,128.7,137.9,146.4,161.8,178.5,204,231.5,247.6,262.3,281.6,299.9,329.1,352.5,377.4,405.2,409.3,426.2,445.1,464,485.2,497.8,512.7,533.6,570.8,618.2,661.5
62,Management of companies and enterprises 5,4.8,4.4,4.9,5.7,5.8,5.9,5.8,6.4,7.4,7.8,8,8.2,8.5,9,9.6,10.2,11.1,12,13.1,14.1,15.7,17.4,19.4,22.1,25,28.6,34.8,37.9,41.5,46.6,53.2,62.9,74.2,85.4,95.9,104.2,115.3,126.4,138.1,149.2,160.9,172.8,182.3,186,192.9,200.2,208.9,215.2,222.1,233,245.1,256.8,265.3,270.7,277.6,281,298.2,316.8,332.4,343.8,367.5,355.4,354.5,367.1,374.6,381.2,384.1,384.1,387.6,397.1,411.2,420.4
63,Administrative and waste management services,2.2,2,2.3,2.5,2.7,2.7,2.6,2.9,3.3,3.5,3.6,3.7,3.7,3.8,3.9,4.1,4.3,4.6,4.9,5.4,5.8,6.6,7.4,8.2,9.2,10.5,12.9,14,15.3,17.2,19.5,23.3,27.5,31.1,33.9,35.8,40.3,46.2,53.3,61.5,68,74.9,80.6,84.5,89,94.5,100.2,106.8,111,116.8,125.6,138.2,151.4,159.7,165.3,172.8,189.1,201.9,220.2,230.3,238.4,237.9,244.6,257.2,265.7,277.4,289.5,298.9,314,323.9,341.9,356.7
64,  Administrative and support services,0.5,0.4,0.5,0.6,0.6,0.6,0.6,0.7,0.8,0.8,0.9,0.9,0.9,1,1,1.1,1.2,1.3,1.5,1.7,1.8,2.1,2.4,2.8,3.2,3.8,4.6,4.9,5.4,6.1,7.1,8.3,9.8,11.1,12.4,13.7,15.8,18,20.9,23.5,26.4,29.3,31.8,33.5,35.7,39,42.4,46.7,50.5,56,63.7,74.4,84.9,91.8,96.8,102.8,113.3,121.5,132.7,138.9,145.2,147.8,152.8,161.1,168.6,179,189.1,198,210.8,217.8,230.6,241.7
65,  Waste management and remediation services,1.7,1.6,1.8,2,2.1,2.1,2,2.2,2.5,2.7,2.7,2.8,2.8,2.8,2.9,3,3.1,3.2,3.5,3.7,4,4.5,5,5.5,6,6.7,8.3,9.1,9.9,11.1,12.4,14.9,17.7,20,21.5,22.1,24.5,28.1,32.4,38,41.6,45.6,48.7,50.9,53.4,55.5,57.8,60.1,60.5,60.8,61.9,63.8,66.5,68,68.6,70.1,75.8,80.4,87.4,91.5,93.2,90.1,91.8,96.2,97.1,98.4,100.4,101,103.2,106.1,111.3,115.1
66,Educational services,4.2,4.2,5,5.5,5.9,6.1,6.5,7.3,8.2,8.7,8.9,9.3,9.6,10.2,10.9,11.6,12.6,13.6,14.9,16.3,18.3,20.2,22.2,24.8,27.3,30.3,35.1,36.5,38.7,42.2,46.5,52.5,59,64.2,68.1,71.2,75.1,78.7,83.8,90.2,95.9,102.2,108.1,111.9,118.2,125.3,135.2,142.5,152.3,166.5,182.8,198.7,217,236.3,255.7,271.5,302.9,330.5,371,398.4,448.1,454.8,468.7,496.5,511.2,534.1,550.5,570.3,583.3,614.3,656,689.9
67,Health and social assistance,5.3,5.3,6.4,7.5,8.1,8.5,8.8,10,11.3,12.5,13.3,14.3,15.1,16.4,18.2,20,22.6,25.5,28.8,31.8,36.1,41.8,48.2,56.1,64,73.7,89.2,97.1,106.8,120.2,136.2,156.7,178.9,198.9,218.1,236.6,257.4,275.2,297.6,320.8,346.1,373.1,400.1,419.4,447.9,477.9,508.5,529.9,550.5,580.4,616.3,653.3,693.3,731.5,774.7,820.2,898.7,992.1,1083.7,1159.5,1219.2,1194,1219.1,1266.7,1307.3,1376.8,1421.6,1461,1499.2,1562.8,1655.3,1724.7
68,  Ambulatory health care services,1.1,1.1,1.3,1.6,1.8,1.9,2,2.3,2.8,3.3,3.7,4.1,4.4,4.8,5.3,5.9,6.7,7.7,8.7,9.6,11,12.7,14.5,16.5,18.2,20.5,24.4,26.3,28.5,31.8,35.8,41.1,47.1,53.2,59.6,66.1,73.4,80,88.2,96.5,105.6,114.9,124.4,131.8,144.4,156.4,166.5,173.5,178.8,185.6,193.5,200.7,207.2,213.4,224,232.3,249,270.8,288,305.2,318.5,309.9,316.7,325.1,331.8,346.7,357.1,368.1,378.2,396,420,439.7
69,  Hospitals,3.6,3.7,4.4,5.1,5.6,5.8,6,6.7,7.4,8.1,8.4,8.9,9.3,10.2,11.3,12.3,14,15.7,17.7,19.5,22.2,25.7,29.8,35.3,40.8,47.4,57.7,63.3,70.3,79.4,90.3,104,118.5,131.1,142.7,153.5,165.6,175.4,187.8,200.9,215.3,230.8,246.4,256.9,270.9,286.9,305.1,317.7,331.1,351.1,374.6,399.4,427.6,454.1,479.3,510,561.7,622.3,684.9,734.1,771.8,757,772.7,805.4,835,880.7,907.7,930.7,953.3,991.2,1048.9,1090
70,  Nursing and residential care facilities,0.2,0.2,0.2,0.2,0.2,0.2,0.3,0.3,0.4,0.4,0.4,0.5,0.5,0.6,0.7,0.7,0.8,1,1.1,1.2,1.4,1.6,1.9,2.2,2.5,2.9,3.5,3.7,4,4.5,5,5.8,6.6,7.3,8,8.7,9.6,10.4,11.3,12.3,13.4,14.6,15.8,16.8,18,19.3,20.8,21.9,23,24.8,27.2,29.9,32.9,36,40.8,44.8,51,57.7,64,69.4,75.1,74.1,76.4,81,83.7,88.5,93.3,96.4,99.8,105.4,112.3,118.2
71,  Social assistance,0.4,0.4,0.5,0.5,0.5,0.5,0.5,0.6,0.7,0.7,0.7,0.8,0.8,0.9,1,1,1.1,1.2,1.3,1.4,1.6,1.7,1.9,2.2,2.5,2.9,3.6,3.8,4.1,4.6,5.2,5.9,6.7,7.4,7.9,8.3,8.9,9.5,10.2,11,11.8,12.7,13.4,13.9,14.6,15.3,16.1,16.8,17.5,19,21.1,23.2,25.5,28,30.6,33.1,37.1,41.3,46.8,50.9,53.8,53,53.3,55.3,56.8,60.9,63.4,65.8,67.9,70.1,74.1,76.8
72,"Arts, entertainment, and recreation",5,4.9,5.5,5.9,6,6.1,6.1,6.7,7.3,7.6,8,8.3,8.7,9.1,9.6,10.3,10.9,11.6,12.4,13.3,14.4,15.7,17.2,18.7,20.1,22,25.8,27.4,29,31.8,35.5,40,45,49,51.1,52.6,55.3,57.7,60.5,63.9,67.5,71.5,75.6,78.4,82,88,95.9,103.5,110.4,119.5,129.5,144.9,163.8,178,189.9,201.1,220.6,240.6,261,280.2,293.3,287.5,289,296.5,305.2,323.2,343.4,360.3,390.7,420.5,459.1,491.7
73,"  Performing arts, spectator sports, museums, and related activities",2.7,2.6,2.9,3.1,3.1,3.2,3.3,3.5,3.9,4.1,4.3,4.5,4.7,4.9,5.1,5.4,5.7,6.1,6.5,7.1,7.7,8.5,9.3,10,10.8,11.7,13.5,14.4,15.2,16.7,18.5,20.5,22.9,25,26.2,27.3,29.1,30.8,32.7,34.9,37,39.5,42.3,44.2,46.6,49.9,54.1,58,61.1,65.1,69.5,76,83.4,88.6,93.7,99.8,108.7,117.4,126.2,137.7,144,141.4,142.2,147,150.5,158,166.5,174.2,184.5,194.4,206.1,216.3
74,"  Amusements, gambling, and recreation industries",2.3,2.3,2.7,2.9,2.9,2.9,2.9,3.1,3.4,3.5,3.7,3.8,4,4.3,4.5,4.8,5.2,5.5,5.9,6.2,6.6,7.2,7.9,8.7,9.3,10.3,12.3,13,13.8,15.2,17.1,19.4,22.1,24.1,24.9,25.3,26.2,26.9,27.9,29,30.5,32.1,33.3,34.1,35.3,38,41.8,45.5,49.3,54.4,60,68.9,80.3,89.4,96.2,101.3,111.9,123.2,134.8,142.5,149.3,146.1,146.8,149.5,154.7,165.2,176.9,186.1,206.2,226.1,253,275.4
75,Accommodation and food services,8.9,8.9,10.2,10.9,11.1,11.3,11.5,12.6,13.8,14.3,14.7,15.4,16,16.8,17.7,18.9,20.8,22.9,25.3,27.5,30.3,33.4,36.7,40.4,44.4,50.1,59.6,62.6,66.5,72.6,80,92.3,105.6,117.4,125.2,132.4,142.7,152.5,163.1,173,184,196.2,208.4,214,219.5,229.3,241.5,253.7,269.8,285.1,303.1,322.4,341.6,359.4,372.2,387,418.4,455.2,495.1,529,568.7,547.8,541.6,551.6,566.2,596.8,621.5,647.6,683,720.9,768.1,807.1
76,  Accommodation,3.9,3.8,4.2,4.5,4.6,4.6,4.6,5.1,5.6,5.8,6.2,6.5,6.9,7.6,8.2,9,10.5,11.9,13.4,14.8,16.5,18.5,20.5,22.9,25.4,28.9,34.3,35.5,37.1,40.1,43.5,50.2,58,65.3,70,74,80,85,90.2,94.6,99.2,105.4,112.8,115.9,117.8,122.5,127.6,133.1,142.5,151.9,162.1,175.5,187.6,199.6,209.3,218.9,238.6,262.1,291.1,314.2,342.9,331.1,327,329.9,338,359.1,378.1,400.7,433.3,461,497.8,526.8
77,  Food services and drinking places,5,5.1,5.9,6.4,6.5,6.7,6.9,7.5,8.2,8.5,8.6,8.9,9,9.2,9.5,9.8,10.3,11,11.9,12.7,13.7,14.9,16.1,17.5,19,21.2,25.3,27.1,29.4,32.5,36.5,42,47.7,52.2,55.2,58.3,62.7,67.4,72.9,78.4,84.8,90.7,95.6,98.1,101.7,106.8,113.8,120.6,127.4,133.2,141,146.9,154.1,159.8,163,168.1,179.8,193.1,204,214.7,225.9,216.6,214.6,221.7,228.2,237.7,243.4,246.9,249.7,259.9,270.4,280.3
78,"Other services, except government",8.5,8.4,9.8,11,11.8,12.2,12.9,14.8,16.7,18.2,18.8,19.8,20.8,22.2,23.7,25.1,27.1,29.3,32.2,34.5,38,41.7,45.6,50.5,55.3,61.6,72.3,76.1,80.8,88.7,99,112.9,126.6,136.5,143,147.8,155.1,162.3,171.8,181.6,192,202.3,211.2,215.6,223,233.1,246.1,255.5,265,279.9,299.9,321.6,345.9,368.6,386.8,410.3,449.4,491.7,532.6,560.2,582.3,555.9,555.6,566.5,576.6,599.2,619.6,637.5,665.6,685.1,714.8,734.2
Legend / Footnotes:,,,,,,,,,,,,,,,,,,,,,,,,,,,,,,,,,,,,,,,,,,,,,,,,,,,,,,,,,,,,,,,,,,,,,,,,,
1. NAICS crop and animal production.,,,,,,,,,,,,,,,,,,,,,,,,,,,,,,,,,,,,,,,,,,,,,,,,,,,,,,,,,,,,,,,,,,,,,,,,,
2.Consists of scenic and sightseeing transportation; transportation support activities; and couriers and messengers.,,,,,,,,,,,,,,,,,,,,,,,,,,,,,,,,,,,,,,,,,,,,,,,,,,,,,,,,,,,,,,,,,,,,,,,,,
"3. Intangible assets include patents, trademarks, and franchise agreements, but not copyrights.",,,,,,,,,,,,,,,,,,,,,,,,,,,,,,,,,,,,,,,,,,,,,,,,,,,,,,,,,,,,,,,,,,,,,,,,,
"4. Consists of accounting, tax preparation, bookkeeping, and payroll services; architectural, engineering, and related services; specialized design services; management, scientific, and technical consulting services; scientific research and development services; advertising and related services; and other professional scientific, and technical services.",,,,,,,,,,,,,,,,,,,,,,,,,,,,,,,,,,,,,,,,,,,,,,,,,,,,,,,,,,,,,,,,,,,,,,,,,
5. Consists of bank and other holding companies.,,,,,,,,,,,,,,,,,,,,,,,,,,,,,,,,,,,,,,,,,,,,,,,,,,,,,,,,,,,,,,,,,,,,,,,,,
Note. Estimates in this table are based on the North American Industry Classification System (NAICS).,,,,,,,,,,,,,,,,,,,,,,,,,,,,,,,,,,,,,,,,,,,,,,,,,,,,,,,,,,,,,,,,,,,,,,,,,