Index,Variant,"Region, subregion, country or area *",Notes,Country code,Type,Parent code,Reference date (as of 1 July),0,1,2,3,4,5,6,7,8,9,10,11,12,13,14,15,16,17,18,19,20,21,22,23,24,25,26,27,28,29,30,31,32,33,34,35,36,37,38,39,40,41,42,43,44,45,46,47,48,49,50,51,52,53,54,55,56,57,58,59,60,61,62,63,64,65,66,67,68,69,70,71,72,73,74,75,76,77,78,79,80,81,82,83,84,85,86,87,88,89,90,91,92,93,94,95,96,97,98,99,100
18035,Estimates,United States of America,29,840,Country/Area,918,1950,3762.57,3600.43,3442.34,3289.29,3142.26,3002.21,2870.14,2747.02,2633.83,2531.56,2439.45,2356.77,2293.10,2252.87,2231.89,2218.68,2212.07,2223.74,2257.21,2305.34,2355.92,2409.59,2458.73,2497.71,2527.78,2558.21,2590.02,2600.83,2581.31,2541.67,2500.72,2453.83,2415.06,2393.04,2380.82,2362.81,2342.08,2317.63,2287.37,2252.63,2217.91,2183.59,2143.43,2095.18,2042.13,1989.00,1933.87,1886.16,1850.72,1822.95,1793.75,1765.33,1733.06,1693.82,1650.25,1607.56,1564.15,1523.27,1486.87,1452.86,1416.36,1377.39,1337.83,1297.80,1255.89,1212.77,1170.90,1114.95,1038.16,948.67,860.62,770.32,691.54,632.27,585.97,538.80,494.39,447.68,395.04,340.09,289.44,241.00,200.85,172.41,152.34,133.79,118.07,102.95,86.59,70.13,54.92,44.06,36.96,28.57,18.89,13.11,11.18,8.96,6.46,3.67,6.27
18036,Estimates,United States of America,29,840,Country/Area,918,1951,3712.15,3735.75,3585.38,3435.74,3288.23,3144.25,3004.99,2871.65,2746.64,2631.75,2527.77,2433.03,2347.06,2280.59,2238.54,2216.53,2202.10,2194.06,2205.66,2241.08,2292.40,2346.09,2403.16,2454.61,2494.04,2523.34,2553.20,2584.36,2594.65,2575.01,2535.47,2494.28,2446.84,2407.65,2385.46,2373.12,2355.17,2335.32,2309.42,2274.09,2232.43,2191.04,2148.72,2106.68,2066.22,2026.63,1985.97,1944.68,1903.52,1862.69,1822.13,1781.46,1740.59,1700.58,1661.88,1623.96,1585.48,1546.28,1507.49,1469.41,1431.23,1391.37,1349.52,1306.32,1261.70,1214.86,1166.90,1119.87,1061.41,986.19,900.90,816.91,731.17,655.85,597.90,551.61,504.98,461.24,415.59,364.73,311.99,263.43,217.08,178.90,152.26,133.84,116.98,103.06,89.54,74.80,59.74,46.39,37.33,31.24,24.06,15.80,11.37,9.13,6.59,3.74,6.33
18037,Estimates,United States of America,29,840,Country/Area,918,1952,3706.92,3664.59,3717.92,3578.92,3437.35,3295.01,3153.74,3014.93,2880.01,2752.81,2635.94,2530.03,2432.44,2342.97,2273.54,2229.59,2206.48,2190.81,2181.31,2192.88,2230.33,2284.95,2341.87,2402.46,2456.33,2496.30,2524.90,2554.28,2584.85,2594.65,2574.85,2535.31,2493.79,2445.68,2405.97,2383.58,2371.08,2353.16,2334.12,2306.73,2266.26,2217.58,2169.44,2119.04,2075.02,2042.24,2015.99,1987.67,1960.10,1925.38,1879.07,1825.65,1773.44,1720.04,1672.22,1633.96,1601.59,1567.21,1532.12,1495.34,1455.47,1413.05,1369.74,1324.93,1277.99,1228.69,1176.80,1123.90,1071.61,1010.50,936.66,855.37,775.23,693.84,621.80,565.03,518.64,472.44,429.25,384.56,335.34,284.69,238.11,193.71,157.43,132.50,115.70,100.48,88.31,76.37,63.20,49.50,37.98,30.71,25.60,19.62,12.76,9.11,6.58,3.74,6.40
18038,Estimates,United States of America,29,840,Country/Area,918,1953,3740.84,3732.65,3695.54,3702.73,3575.02,3441.42,3304.16,3165.49,3027.04,2890.44,2760.95,2642.03,2534.09,2433.58,2340.56,2268.11,2222.22,2198.00,2181.08,2170.11,2181.66,2221.16,2279.12,2339.32,2403.47,2459.81,2500.34,2528.27,2557.17,2587.19,2596.51,2576.53,2536.95,2495.07,2446.27,2406.01,2383.40,2370.73,2352.81,2334.58,2305.67,2260.03,2204.30,2149.37,2090.84,2044.82,2019.69,2006.77,1990.79,1976.93,1948.63,1896.80,1830.47,1766.67,1700.69,1645.02,1607.18,1580.34,1550.05,1519.05,1484.23,1442.56,1395.86,1349.07,1301.25,1250.54,1196.52,1139.54,1081.66,1024.06,960.25,887.75,810.40,734.06,656.96,588.15,532.52,485.99,440.19,397.54,353.77,306.16,257.57,212.92,170.47,136.05,112.83,97.63,84.03,73.61,63.24,51.64,39.29,29.59,24.10,19.97,15.18,9.73,6.49,3.72,6.45
18039,Estimates,United States of America,29,840,Country/Area,918,1954,3807.93,3814.68,3790.57,3739.25,3687.42,3571.02,3445.41,3313.24,3177.19,3039.09,2900.81,2769.04,2648.06,2538.10,2434.66,2338.08,2262.62,2214.78,2189.44,2171.26,2158.82,2170.35,2211.91,2273.22,2336.70,2404.42,2463.23,2504.33,2531.57,2560.00,2589.46,2598.29,2578.14,2538.52,2496.29,2446.79,2405.99,2383.14,2370.31,2352.41,2334.98,2304.55,2253.72,2190.94,2129.21,2062.54,2014.51,1997.05,1997.49,1993.86,1993.73,1971.86,1914.51,1835.25,1759.85,1681.26,1617.72,1580.30,1559.01,1532.81,1505.90,1473.07,1429.58,1378.60,1328.33,1277.50,1223.01,1164.26,1102.18,1039.32,976.39,909.89,838.73,765.33,692.80,620.00,554.43,499.94,453.28,407.88,365.76,322.92,276.93,230.39,187.69,147.18,114.63,93.12,79.52,67.56,58.89,50.08,40.06,29.06,21.18,17.48,14.34,10.74,6.69,3.68,6.48
18040,Estimates,United States of America,29,840,Country/Area,918,1955,3900.89,3904.76,3880.68,3831.73,3761.00,3671.56,3566.51,3448.91,3321.87,3188.45,3050.73,2910.79,2776.75,2653.72,2541.75,2435.40,2335.26,2256.79,2207.00,2180.56,2161.12,2147.22,2158.71,2202.33,2266.98,2333.74,2405.02,2466.30,2507.96,2534.52,2562.48,2591.36,2599.71,2579.38,2539.74,2497.15,2446.96,2405.62,2382.55,2369.56,2351.67,2335.05,2303.10,2247.09,2177.24,2108.71,2033.91,1983.87,1974.09,1987.91,1996.65,2010.27,1994.84,1931.97,1839.78,1752.76,1661.56,1590.16,1553.17,1537.43,1515.32,1492.53,1461.68,1416.38,1361.12,1307.36,1253.52,1195.26,1131.79,1064.61,996.77,928.52,859.33,789.52,720.09,651.37,582.90,520.58,467.25,420.46,375.46,333.88,291.97,247.61,203.14,162.40,123.83,93.16,73.36,61.37,51.05,44.13,36.90,28.46,18.81,12.76,10.85,8.69,6.29,3.64,6.47
18041,Estimates,United States of America,29,840,Country/Area,918,1956,4010.53,3919.57,3911.49,3880.46,3828.62,3758.12,3672.37,3574.77,3461.18,3331.22,3190.82,3048.16,2903.86,2767.69,2646.12,2537.98,2435.01,2338.11,2263.22,2217.24,2194.53,2178.86,2169.06,2182.32,2224.17,2284.77,2347.62,2414.58,2472.52,2512.75,2539.08,2566.42,2594.66,2602.18,2580.64,2539.58,2495.89,2444.92,2402.74,2378.66,2364.72,2345.81,2327.56,2296.24,2244.32,2180.43,2117.44,2048.85,2000.81,1986.37,1991.37,1991.85,1996.46,1974.90,1910.91,1820.71,1734.84,1644.86,1573.31,1533.72,1513.85,1488.18,1462.16,1427.91,1379.06,1320.33,1263.21,1205.84,1145.82,1083.26,1018.71,953.48,888.31,821.22,751.67,681.40,612.36,543.74,481.78,429.64,384.65,341.40,301.51,261.94,220.81,180.09,142.29,107.52,81.34,63.82,52.49,43.34,37.43,31.22,23.99,15.75,10.74,8.60,6.23,3.61,6.43
18042,Estimates,United States of America,29,840,Country/Area,918,1957,4117.80,4080.94,3934.76,3914.74,3876.78,3822.09,3751.89,3669.90,3579.86,3470.37,3337.61,3190.35,3042.86,2894.33,2756.15,2636.16,2531.94,2432.44,2338.87,2267.64,2225.51,2206.55,2194.67,2188.98,2204.01,2244.05,2300.54,2359.41,2421.98,2476.53,2515.29,2541.37,2568.07,2595.64,2602.34,2579.59,2537.16,2492.40,2440.70,2397.71,2372.64,2357.76,2337.85,2318.00,2287.32,2239.54,2181.67,2124.29,2061.98,2015.99,1996.89,1993.07,1985.26,1980.86,1953.17,1888.13,1800.01,1715.36,1626.68,1555.04,1512.89,1488.90,1459.69,1430.46,1392.84,1340.47,1278.33,1217.89,1157.03,1095.32,1033.72,971.86,909.30,847.27,782.33,713.10,642.07,572.76,504.06,442.52,391.61,348.46,307.01,268.85,231.65,193.78,156.86,122.04,91.11,69.44,54.20,43.56,35.59,30.69,25.50,19.50,12.68,8.55,6.19,3.59,6.35
18043,Estimates,United States of America,29,840,Country/Area,918,1958,4207.41,4147.66,4084.90,3948.44,3916.48,3871.61,3814.10,3744.22,3666.03,3583.57,3478.23,3342.72,3188.65,3036.40,2883.69,2743.56,2625.18,2524.92,2428.95,2338.74,2271.19,2232.92,2217.72,2209.63,2208.06,2224.84,2263.06,2315.42,2370.29,2428.46,2479.59,2516.87,2542.69,2568.74,2595.62,2601.49,2577.56,2533.77,2487.96,2435.54,2391.76,2365.72,2349.90,2329.00,2307.54,2277.53,2233.90,2182.08,2130.31,2074.31,2030.39,2006.64,1993.99,1977.92,1964.50,1930.70,1864.63,1778.62,1695.22,1607.87,1536.17,1491.49,1463.38,1430.64,1398.22,1357.24,1301.39,1235.86,1172.11,1107.80,1044.41,983.80,924.64,864.79,805.92,743.16,674.28,602.50,532.95,464.20,403.10,353.45,312.15,272.51,236.09,201.28,166.69,133.57,101.75,74.66,57.52,44.58,34.61,27.83,23.93,19.77,14.99,9.60,6.16,3.56,6.25
18044,Estimates,United States of America,29,840,Country/Area,918,1959,4262.72,4190.72,4122.20,4055.86,3962.30,3918.40,3866.62,3806.29,3736.73,3662.32,3587.44,3486.23,3347.97,3187.10,3030.08,2873.19,2731.11,2614.33,2518.03,2425.57,2338.71,2274.83,2240.42,2228.99,2224.67,2227.22,2245.76,2282.15,2330.39,2381.27,2435.03,2482.76,2518.56,2544.12,2569.52,2595.72,2600.76,2575.64,2530.48,2483.63,2430.49,2385.93,2358.90,2342.16,2320.26,2297.20,2267.84,2228.36,2182.57,2136.43,2086.73,2044.87,2016.47,1995.01,1970.66,1948.24,1908.34,1841.22,1757.32,1675.18,1589.15,1517.39,1470.16,1437.95,1401.68,1366.06,1321.73,1262.38,1193.46,1126.42,1058.65,993.58,933.96,877.50,820.34,764.63,704.05,635.51,562.98,493.19,424.39,363.73,315.33,275.88,238.04,203.36,170.93,139.62,110.30,81.47,58.23,45.60,34.96,25.67,20.08,17.19,14.05,10.50,6.52,3.51,6.14
18045,Estimates,United States of America,29,840,Country/Area,918,1960,4268.82,4203.32,4142.97,4086.15,4031.26,3976.71,3920.89,3862.20,3799.03,3729.78,3659.15,3591.83,3494.74,3353.71,3186.01,3024.20,2863.12,2719.05,2603.87,2511.50,2422.53,2339.02,2278.80,2248.24,2240.56,2240.03,2246.68,2266.99,2301.57,2345.68,2392.59,2441.95,2486.29,2520.61,2545.91,2570.67,2596.19,2600.39,2574.08,2527.56,2479.65,2425.79,2380.43,2352.42,2334.74,2311.85,2287.19,2258.48,2223.14,2183.38,2142.84,2099.43,2059.62,2026.58,1996.30,1963.69,1932.26,1886.25,1818.09,1736.28,1655.37,1570.66,1498.82,1449.05,1412.72,1372.92,1334.11,1286.42,1223.57,1151.25,1080.91,1009.67,942.91,884.26,830.50,776.03,723.46,665.05,596.84,523.56,453.52,384.65,324.42,277.26,239.66,203.62,170.67,140.63,112.58,87.06,61.22,41.81,33.70,25.34,16.73,12.33,10.45,8.34,6.00,3.45,6.02
18046,Estimates,United States of America,29,840,Country/Area,918,1961,4217.93,4252.72,4202.72,4152.25,4100.60,4047.06,3990.15,3928.41,3864.98,3800.71,3732.57,3661.32,3592.33,3494.48,3354.14,3188.07,3027.73,2868.06,2725.45,2611.65,2520.55,2432.83,2350.61,2290.95,2259.86,2250.91,2249.10,2254.36,2273.19,2306.32,2349.01,2394.38,2442.09,2485.09,2518.59,2543.39,2567.58,2592.53,2596.13,2569.10,2521.77,2473.13,2418.72,2372.34,2342.61,2322.84,2297.80,2270.56,2240.66,2206.33,2168.79,2130.21,2089.24,2049.31,2012.03,1975.04,1936.17,1898.05,1847.65,1778.97,1699.06,1619.60,1536.60,1465.39,1414.25,1375.34,1333.37,1292.37,1243.21,1180.13,1108.32,1038.46,968.08,901.19,840.74,784.31,727.60,672.77,613.84,547.82,478.51,412.34,347.60,291.23,247.20,212.26,178.59,148.90,122.63,97.53,74.01,51.50,35.52,28.57,21.40,14.02,10.28,8.15,5.85,3.36,5.92
18047,Estimates,United States of America,29,840,Country/Area,918,1962,4115.50,4128.81,4238.57,4204.05,4163.45,4116.93,4064.71,4005.43,3937.73,3869.54,3804.14,3737.08,3665.17,3594.47,3495.82,3356.10,3191.60,3032.64,2874.32,2733.09,2620.63,2530.75,2444.24,2363.27,2304.15,2272.52,2262.29,2259.19,2263.06,2280.43,2312.13,2353.42,2397.27,2443.35,2485.03,2517.72,2542.03,2565.67,2590.06,2593.04,2565.28,2517.12,2467.74,2412.74,2365.34,2333.87,2311.99,2284.80,2254.97,2223.85,2190.51,2155.17,2118.55,2080.00,2039.92,1998.39,1954.67,1909.52,1864.69,1809.88,1740.63,1662.59,1584.55,1503.23,1432.61,1380.07,1338.57,1294.41,1251.19,1200.54,1137.20,1065.87,996.46,926.90,859.85,797.57,738.45,679.48,622.36,562.88,499.02,433.64,371.32,310.70,258.16,217.23,184.95,153.63,127.18,104.68,82.51,60.98,41.80,29.24,23.44,17.47,11.32,7.94,5.66,3.26,5.82
18048,Estimates,United States of America,29,840,Country/Area,918,1963,3977.31,4050.61,4103.30,4224.70,4205.68,4174.94,4133.57,4082.66,4020.99,3947.34,3874.38,3807.83,3741.84,3669.27,3596.87,3497.40,3358.31,3195.35,3037.77,2880.78,2740.93,2629.79,2541.13,2455.83,2376.12,2317.52,2285.35,2273.84,2269.46,2271.94,2287.84,2318.10,2357.99,2400.33,2444.78,2485.14,2517.02,2540.85,2563.94,2587.76,2590.13,2561.64,2512.65,2462.52,2406.93,2358.49,2325.28,2301.30,2271.94,2239.52,2207.18,2174.83,2141.69,2107.02,2070.89,2030.65,1984.87,1934.42,1882.97,1831.43,1772.20,1702.39,1626.20,1549.58,1469.92,1399.90,1345.96,1301.85,1255.49,1210.06,1157.92,1094.31,1023.45,954.48,885.75,818.53,754.43,692.60,631.36,571.94,511.92,450.21,388.77,330.30,273.78,225.08,187.26,157.62,128.66,105.45,86.72,67.48,47.95,32.10,22.97,18.32,13.54,8.62,5.53,3.19,5.74
18049,Estimates,United States of America,29,840,Country/Area,918,1964,3827.22,3956.37,4054.35,4123.43,4208.78,4205.27,4184.42,4148.21,4098.65,4034.63,3955.04,3877.34,3809.69,3744.80,3671.60,3597.53,3497.30,3358.88,3197.56,3041.43,2885.85,2747.45,2637.70,2550.30,2466.25,2387.82,2329.78,2297.08,2284.30,2278.63,2279.72,2294.15,2322.96,2361.42,2402.24,2445.03,2484.06,2515.11,2538.44,2560.97,2584.22,2585.97,2556.77,2506.96,2456.11,2399.96,2350.50,2315.57,2289.49,2257.99,2222.98,2189.44,2158.10,2127.18,2094.47,2060.79,2020.42,1970.40,1913.23,1855.51,1797.28,1733.66,1663.31,1589.03,1513.86,1435.91,1366.51,1311.19,1264.50,1215.97,1168.34,1114.73,1050.88,980.53,912.05,844.17,776.81,710.90,646.40,582.92,521.24,460.70,401.17,343.70,289.11,236.72,191.89,157.18,130.21,103.62,83.67,68.72,52.42,34.90,22.38,16.67,13.18,9.59,5.91,3.16,5.66
18050,Estimates,United States of America,29,840,Country/Area,918,1965,3684.76,3854.77,3987.41,4085.55,4152.08,4189.90,4201.89,4190.93,4159.91,4111.72,4045.39,3959.94,3877.56,3808.84,3745.11,3671.34,3595.65,3494.72,3357.09,3197.51,3042.95,2888.88,2752.03,2643.74,2557.66,2474.91,2397.83,2340.38,2307.18,2293.14,2286.18,2285.88,2298.82,2326.17,2363.19,2402.45,2443.56,2481.22,2511.43,2534.25,2556.20,2578.86,2580.00,2550.10,2499.52,2447.97,2391.30,2340.86,2304.23,2276.08,2242.46,2204.90,2170.18,2139.87,2111.19,2080.47,2049.26,2008.78,1954.57,1890.73,1826.78,1761.90,1693.94,1623.11,1550.78,1477.11,1400.93,1332.20,1275.55,1226.31,1175.64,1125.85,1070.81,1006.76,936.97,869.01,802.04,734.59,666.93,599.81,534.13,470.23,409.22,351.90,298.44,247.75,199.53,158.59,127.03,102.73,78.53,61.85,50.68,37.34,21.82,12.65,10.37,8.04,5.65,3.20,5.57
18051,Estimates,United States of America,29,840,Country/Area,918,1966,3561.79,3729.70,3884.44,4006.38,4097.68,4160.54,4197.64,4211.70,4202.27,4170.49,4120.10,4053.24,3968.89,3885.18,3811.21,3740.09,3659.59,3576.61,3472.85,3339.40,3188.39,3041.67,2895.88,2764.90,2658.17,2570.79,2487.38,2409.77,2351.09,2315.95,2299.54,2289.94,2286.53,2297.48,2324.69,2362.73,2402.73,2444.65,2482.49,2511.79,2532.99,2553.47,2574.64,2574.32,2543.13,2491.35,2438.42,2380.15,2328.34,2290.72,2261.72,2227.25,2189.14,2152.63,2118.62,2085.16,2049.85,2013.67,1970.26,1916.39,1854.90,1792.96,1730.42,1663.20,1590.43,1514.47,1437.61,1358.26,1286.93,1228.72,1178.64,1127.07,1076.52,1020.84,956.17,885.90,817.79,750.93,684.11,617.72,552.39,488.69,426.90,368.64,314.93,265.61,218.20,174.44,138.97,110.65,87.80,66.53,52.60,42.99,31.57,18.33,11.05,8.57,5.99,3.32,5.49
18052,Estimates,United States of America,29,840,Country/Area,918,1967,3447.52,3652.18,3772.25,3911.60,4022.75,4107.15,4166.27,4202.64,4218.77,4210.88,4178.35,4125.80,4058.45,3975.25,3890.27,3811.08,3732.62,3645.44,3555.22,3448.69,3319.51,3177.17,3038.40,2901.01,2775.98,2670.89,2582.27,2498.25,2420.15,2360.27,2323.21,2304.44,2292.20,2285.68,2294.63,2321.70,2360.73,2401.45,2444.15,2482.15,2510.52,2530.09,2549.07,2568.73,2566.96,2534.49,2481.55,2427.27,2367.44,2314.29,2275.70,2245.88,2210.57,2171.93,2133.67,2095.97,2057.75,2017.88,1976.75,1930.44,1876.94,1817.83,1757.95,1697.78,1631.37,1556.70,1477.15,1397.15,1314.68,1240.79,1181.06,1130.17,1077.74,1026.47,970.17,904.92,834.22,765.99,699.30,633.15,568.06,504.57,442.90,383.25,327.80,277.73,232.59,188.48,149.21,119.24,94.19,72.81,54.48,43.30,35.27,25.77,14.82,9.35,6.51,3.50,5.42
18053,Estimates,United States of America,29,840,Country/Area,918,1968,3350.03,3550.75,3721.62,3812.97,3936.87,4037.17,4114.63,4170.00,4205.61,4223.79,4217.45,4184.19,4129.49,4061.69,3979.69,3893.48,3809.11,3723.34,3629.53,3532.12,3422.87,3298.03,3164.42,3033.67,2904.73,2785.73,2682.31,2592.49,2507.90,2429.36,2368.31,2329.35,2308.24,2293.36,2283.73,2290.68,2317.58,2357.59,2399.01,2442.47,2480.61,2508.04,2525.96,2543.45,2561.59,2558.36,2524.64,2470.55,2414.95,2353.59,2299.12,2259.58,2228.96,2192.84,2153.69,2113.68,2072.32,2029.36,1984.94,1938.88,1889.69,1836.59,1779.90,1722.10,1664.34,1598.76,1522.23,1439.13,1356.04,1270.49,1194.06,1132.84,1081.17,1027.90,975.93,919.05,853.25,782.15,713.84,647.34,581.89,518.14,456.52,396.91,339.43,286.80,240.40,199.46,158.68,123.92,99.45,77.69,57.78,42.40,33.98,27.53,19.97,11.30,7.14,3.74,5.40
18054,Estimates,United States of America,29,840,Country/Area,918,1969,3277.76,3461.40,3623.81,3765.47,3853.02,3961.45,4050.89,4121.40,4173.01,4207.86,4228.09,4223.29,4189.32,4132.49,4064.24,3983.44,3896.03,3806.49,3713.44,3613.02,3508.43,3396.49,3276.00,3151.15,3028.43,2907.96,2794.99,2693.27,2602.27,2517.12,2438.15,2375.95,2335.10,2311.63,2294.13,2281.40,2286.33,2313.07,2354.05,2396.16,2440.37,2478.65,2505.13,2521.41,2537.40,2554.01,2549.34,2514.37,2459.14,2402.23,2339.35,2283.58,2243.10,2211.67,2174.74,2135.09,2093.35,2048.33,2000.64,1951.68,1900.71,1848.65,1795.96,1741.69,1685.98,1630.64,1565.90,1487.52,1400.89,1314.71,1226.10,1147.17,1084.46,1032.01,977.91,925.25,867.80,801.47,729.97,661.60,595.31,530.57,468.17,408.43,350.88,295.58,245.79,203.06,166.32,128.87,98.62,79.67,61.18,42.75,30.32,24.67,19.79,14.16,7.78,4.00,5.49
18055,Estimates,United States of America,29,840,Country/Area,918,1970,3235.89,3390.84,3534.73,3666.89,3786.65,3893.36,3986.35,4064.96,4128.52,4176.38,4210.47,4232.76,4229.50,4194.80,4135.84,4067.14,3987.54,3898.91,3804.20,3703.86,3596.82,3485.05,3370.40,3254.26,3138.14,3023.45,2911.42,2804.47,2704.45,2612.26,2526.55,2447.14,2383.78,2341.03,2315.22,2295.09,2279.26,2282.19,2308.76,2350.71,2393.52,2438.48,2476.90,2502.43,2517.07,2531.56,2546.65,2540.53,2504.31,2447.94,2389.71,2325.31,2268.23,2226.80,2194.57,2156.83,2116.67,2073.19,2024.52,1972.10,1918.60,1862.70,1807.77,1755.49,1703.64,1650.01,1597.08,1533.18,1452.94,1362.78,1273.51,1181.83,1100.38,1036.19,982.96,928.03,874.68,816.64,749.77,677.88,609.44,543.34,479.31,418.26,360.39,304.90,251.78,204.81,165.75,133.21,99.09,73.34,59.90,44.69,27.73,18.25,15.36,12.06,8.36,4.27,5.72
18056,Estimates,United States of America,29,840,Country/Area,918,1971,3231.82,3261.76,3402.43,3537.59,3665.65,3784.97,3894.97,3995.04,4078.46,4141.58,4185.83,4218.36,4240.18,4236.49,4201.40,4142.24,4073.29,3992.99,3905.50,3814.74,3719.91,3617.96,3511.52,3399.66,3282.28,3162.27,3044.00,2928.31,2817.60,2714.08,2618.64,2529.41,2446.06,2380.29,2337.53,2313.19,2294.33,2280.02,2283.48,2308.84,2348.45,2389.20,2432.13,2468.58,2492.40,2505.47,2518.25,2531.49,2523.83,2486.57,2429.46,2370.49,2305.58,2247.28,2203.48,2168.25,2127.53,2083.94,2038.63,1990.69,1940.44,1888.90,1835.59,1780.36,1723.16,1663.65,1602.99,1542.61,1474.26,1394.49,1307.92,1221.78,1133.56,1054.45,990.42,936.02,880.57,827.08,768.90,701.95,630.15,561.92,496.00,433.37,375.51,322.03,269.97,221.74,180.64,145.19,114.29,84.14,62.75,51.11,37.98,23.37,16.26,12.77,8.86,4.53,6.12
18057,Estimates,United States of America,29,840,Country/Area,918,1972,3260.01,3318.77,3286.06,3412.36,3538.75,3662.64,3781.47,3894.70,4001.79,4089.98,4152.63,4193.26,4224.21,4245.55,4241.43,4205.97,4146.64,4077.46,3996.51,3910.19,3823.42,3734.15,3637.33,3536.26,3427.25,3308.70,3184.84,3063.07,2943.78,2829.36,2722.39,2623.76,2531.04,2443.79,2375.65,2332.89,2310.03,2292.46,2279.68,2283.66,2307.79,2345.06,2383.73,2424.60,2459.07,2481.15,2492.66,2503.73,2515.10,2505.90,2467.63,2409.79,2350.12,2284.73,2225.23,2179.09,2140.86,2097.19,2050.19,2003.07,1955.89,1907.84,1858.27,1807.57,1752.07,1689.97,1622.85,1555.18,1487.38,1414.62,1335.35,1252.42,1169.44,1084.73,1008.00,944.16,888.61,832.67,779.07,720.78,653.77,582.11,514.12,448.40,387.21,332.58,283.50,234.91,191.59,156.37,124.56,95.31,69.16,52.12,42.30,31.26,19.00,13.38,9.30,4.81,6.68
18058,Estimates,United States of America,29,840,Country/Area,918,1973,3307.39,3308.51,3337.38,3310.22,3422.18,3539.78,3659.51,3777.83,3894.29,4008.40,4101.36,4163.52,4200.54,4229.91,4250.78,4246.22,4210.40,4150.89,4081.49,3999.88,3914.75,3831.96,3748.24,3656.56,3560.86,3454.70,3334.98,3207.29,3082.01,2959.13,2841.02,2730.59,2628.78,2532.59,2441.44,2370.93,2328.17,2306.79,2290.51,2279.25,2283.76,2306.67,2341.58,2378.18,2416.99,2449.48,2469.82,2479.76,2489.12,2498.62,2487.89,2448.60,2390.05,2329.68,2263.81,2203.12,2154.63,2113.41,2066.78,2016.38,1967.45,1921.03,1875.19,1827.59,1779.49,1723.72,1656.73,1581.99,1507.33,1432.13,1354.96,1276.19,1196.90,1117.08,1035.88,961.53,897.89,841.18,784.76,731.05,672.66,605.60,534.06,466.32,400.82,341.06,289.65,244.99,199.86,161.45,132.11,103.93,76.35,54.17,41.49,33.49,24.53,14.64,9.75,5.11,7.35
18059,Estimates,United States of America,29,840,Country/Area,918,1974,3354.74,3306.22,3295.86,3318.52,3335.60,3433.25,3542.12,3657.73,3775.59,3895.31,4016.48,4114.24,4175.95,4209.37,4237.17,4257.56,4252.57,4216.37,4156.67,4087.02,4004.73,3920.75,3841.91,3763.71,3677.13,3586.77,3483.41,3362.48,3230.92,3102.09,2975.56,2853.71,2739.80,2634.76,2535.06,2439.99,2367.09,2324.32,2304.40,2289.41,2279.67,2284.70,2306.40,2338.97,2373.51,2410.28,2440.79,2459.40,2467.78,2475.43,2483.07,2470.80,2430.49,2371.20,2310.10,2243.73,2181.83,2130.97,2086.76,2037.15,1983.33,1932.57,1886.90,1843.24,1797.59,1752.08,1696.02,1624.12,1541.74,1460.06,1377.43,1295.82,1217.52,1141.84,1065.16,987.43,915.44,851.96,794.09,737.16,683.32,624.80,557.67,486.23,418.72,353.40,295.05,246.86,206.58,164.89,131.37,107.92,83.35,57.41,39.22,30.89,24.69,17.82,10.27,5.47,8.10
18060,Estimates,United States of America,29,840,Country/Area,918,1975,3387.89,3305.72,3267.53,3267.89,3301.37,3362.51,3445.89,3546.07,3657.61,3775.07,3898.12,4026.40,4129.01,4190.29,4220.12,4246.36,4266.29,4260.86,4224.27,4164.35,4094.42,4011.41,3928.54,3853.63,3780.92,3699.40,3614.34,3513.74,3391.54,3256.04,3123.60,2993.37,2867.72,2750.27,2641.96,2538.70,2439.65,2364.32,2321.52,2303.07,2289.36,2281.12,2286.69,2307.18,2337.43,2369.92,2404.66,2433.22,2450.11,2456.94,2462.88,2468.66,2454.84,2413.49,2353.44,2291.58,2224.68,2161.54,2108.29,2061.05,2008.46,1951.19,1898.58,1853.63,1812.13,1768.42,1725.48,1669.11,1592.27,1502.21,1413.45,1323.35,1237.26,1159.41,1087.31,1013.72,939.44,869.77,806.43,747.36,689.89,635.90,577.23,509.98,438.62,371.30,306.14,249.17,204.16,168.26,130.00,101.36,83.76,62.81,38.50,24.27,20.29,15.91,11.11,5.92,8.87
18061,Estimates,United States of America,29,840,Country/Area,918,1976,3395.19,3365.83,3305.52,3283.00,3293.71,3333.09,3395.80,3476.54,3574.47,3686.54,3805.92,3928.66,4055.33,4155.74,4214.37,4241.22,4264.29,4280.82,4272.61,4234.31,4173.45,4102.29,4017.63,3934.27,3860.58,3789.94,3710.51,3628.42,3527.21,3398.73,3253.66,3112.26,2972.16,2841.38,2726.51,2625.53,2528.75,2436.85,2365.31,2320.47,2296.35,2277.85,2264.66,2266.86,2286.86,2318.42,2351.69,2387.20,2416.00,2432.13,2437.58,2442.41,2447.21,2432.40,2390.06,2329.07,2266.09,2197.61,2134.02,2082.13,2037.14,1986.65,1932.18,1879.17,1828.81,1778.96,1727.31,1675.49,1614.39,1539.60,1455.70,1372.41,1288.67,1204.86,1122.44,1041.69,960.64,878.74,804.61,742.02,687.15,633.46,583.50,528.89,465.19,397.11,332.10,271.27,221.28,180.04,145.30,111.27,87.26,71.90,53.69,32.63,22.02,17.29,12.10,6.44,9.63
18062,Estimates,United States of America,29,840,Country/Area,918,1977,3387.97,3295.82,3346.05,3307.55,3300.68,3321.75,3367.05,3431.37,3509.52,3605.28,3717.94,3839.32,3961.85,4086.97,4185.28,4241.27,4265.19,4285.10,4298.24,4287.25,4247.22,4185.37,4112.94,4026.57,3942.66,3870.15,3801.54,3724.13,3644.95,3543.07,3408.23,3253.51,3103.04,2952.99,2817.00,2704.63,2610.90,2520.52,2435.71,2367.90,2320.99,2291.19,2267.90,2249.76,2248.60,2268.12,2301.01,2335.08,2371.38,2400.44,2415.82,2419.89,2423.62,2427.45,2411.64,2368.28,2306.31,2242.18,2172.07,2107.99,2057.41,2014.64,1966.22,1914.50,1861.07,1805.27,1747.05,1687.42,1626.70,1560.84,1488.05,1410.24,1332.34,1254.90,1173.32,1086.29,996.84,908.26,818.72,740.07,678.18,627.48,577.51,531.56,480.97,420.76,355.91,293.17,236.62,193.56,156.07,122.46,92.64,73.24,60.11,44.62,26.78,18.97,13.29,7.05,10.42
18063,Estimates,United States of America,29,840,Country/Area,918,1978,3375.86,3297.87,3252.00,3327.57,3310.86,3319.65,3351.08,3402.32,3468.27,3543.86,3637.48,3750.79,3874.21,3996.58,4120.21,4216.44,4269.83,4290.81,4307.57,4317.33,4303.56,4261.78,4198.92,4125.18,4037.08,3952.58,3881.22,3814.62,3739.21,3662.91,3560.30,3419.05,3254.62,3095.03,2934.96,2793.70,2683.79,2597.27,2513.27,2435.52,2371.41,2322.41,2286.92,2258.83,2235.72,2231.20,2250.25,2284.48,2319.37,2356.48,2385.80,2400.45,2403.15,2405.76,2408.63,2391.80,2347.41,2284.45,2219.12,2147.36,2082.77,2033.48,1992.91,1946.56,1897.57,1843.69,1782.43,1715.80,1648.18,1578.53,1507.87,1437.06,1365.32,1292.78,1221.62,1142.23,1050.55,952.35,856.23,758.99,675.79,614.58,568.02,521.76,479.80,433.21,376.48,314.83,254.34,202.05,165.91,132.15,99.65,74.04,59.24,48.33,35.56,20.94,14.62,7.73,11.29
18064,Estimates,United States of America,29,840,Country/Area,918,1979,3373.33,3309.98,3271.08,3254.66,3308.85,3313.96,3338.41,3380.21,3437.39,3504.97,3578.00,3669.47,3783.42,3908.88,4031.07,4153.20,4247.34,4298.13,4316.16,4329.78,4336.14,4319.58,4276.06,4212.19,4137.16,4047.31,3962.24,3892.03,3827.44,3754.03,3680.62,3577.30,3429.65,3255.50,3086.79,2916.71,2770.19,2662.75,2583.46,2505.84,2435.16,2374.76,2323.67,2282.49,2249.60,2221.51,2213.63,2232.21,2267.78,2303.49,2341.39,2370.99,2384.89,2386.21,2387.72,2389.62,2371.78,2326.35,2262.40,2195.89,2122.48,2057.37,2009.38,1971.02,1926.72,1880.47,1826.15,1759.43,1684.39,1608.77,1530.19,1454.73,1385.91,1320.24,1253.08,1188.20,1111.01,1014.69,907.75,804.07,699.14,611.40,550.87,508.46,465.92,427.95,385.37,332.12,273.69,215.45,167.43,138.21,108.20,76.82,55.42,45.22,36.53,26.49,15.09,8.46,12.31
18065,Estimates,United States of America,29,840,Country/Area,918,1980,3390.72,3335.18,3298.35,3279.13,3276.40,3289.06,3315.99,3356.10,3408.26,3471.36,3540.56,3611.00,3700.29,3814.85,3942.30,4064.27,4184.87,4276.90,4325.05,4340.13,4350.59,4353.55,4334.20,4288.94,4224.09,4147.78,4056.23,3970.60,3901.57,3839.00,3767.62,3697.13,3593.12,3439.10,3255.30,3077.51,2897.47,2745.73,2640.80,2568.78,2497.58,2433.99,2377.33,2324.17,2277.30,2239.62,2206.56,2195.31,2213.42,2250.31,2286.82,2325.52,2355.37,2368.53,2368.47,2368.86,2369.79,2350.94,2304.49,2239.56,2171.90,2096.86,2031.26,1984.58,1948.44,1906.22,1862.72,1807.97,1735.80,1652.37,1568.77,1481.28,1401.04,1334.23,1274.67,1212.90,1154.34,1079.37,978.44,862.78,751.58,638.99,546.73,486.91,448.67,409.87,375.91,337.36,287.61,232.42,176.46,132.73,110.45,84.19,53.95,36.77,31.18,24.72,17.41,9.23,13.52
18066,Estimates,United States of America,29,840,Country/Area,918,1981,3433.05,3392.46,3342.98,3310.86,3295.14,3294.89,3308.98,3336.27,3376.76,3429.87,3494.10,3563.88,3634.75,3723.35,3835.56,3959.72,4078.48,4195.59,4285.58,4334.08,4351.05,4363.00,4367.24,4349.33,4305.57,4242.06,4167.19,4077.57,3991.49,3918.34,3849.49,3772.10,3695.02,3587.16,3433.79,3253.45,3078.60,2901.77,2751.73,2645.79,2571.07,2497.58,2431.61,2373.21,2319.50,2272.79,2234.95,2201.67,2189.66,2206.13,2240.81,2275.20,2311.84,2339.46,2350.18,2347.62,2345.38,2343.28,2322.56,2276.07,2212.11,2145.23,2071.46,2004.88,1953.61,1910.74,1862.19,1811.97,1752.76,1679.91,1598.16,1515.97,1430.50,1350.60,1281.13,1217.25,1151.88,1089.65,1013.40,914.89,804.06,697.53,590.12,501.91,443.96,406.34,368.54,336.74,300.72,254.11,201.52,151.38,114.85,95.28,72.29,45.89,33.53,26.61,18.78,10.03,14.95
18067,Estimates,United States of America,29,840,Country/Area,918,1982,3493.49,3429.37,3393.80,3350.40,3322.98,3310.78,3313.01,3328.52,3356.17,3397.04,3451.10,3516.44,3586.80,3658.11,3745.99,3855.85,3976.70,4092.24,4205.83,4293.77,4342.61,4361.46,4374.89,4380.41,4363.93,4321.67,4259.51,4186.08,4098.42,4011.89,3934.63,3859.48,3776.09,3692.43,3580.72,3428.02,3251.17,3079.26,2905.67,2757.35,2650.42,2573.01,2497.25,2428.91,2368.78,2314.54,2267.98,2229.98,2196.48,2183.69,2198.52,2230.98,2263.26,2297.84,2323.21,2331.49,2326.42,2321.54,2316.41,2293.82,2247.30,2184.30,2118.23,2045.74,1978.17,1922.32,1872.71,1817.84,1760.90,1697.24,1623.70,1543.63,1462.87,1379.43,1299.86,1227.75,1159.56,1090.60,1024.72,947.18,851.11,745.13,643.28,541.07,456.92,400.86,363.87,327.08,297.45,263.97,220.52,170.55,126.24,96.93,80.07,60.36,37.81,28.45,20.12,10.86,16.58
18068,Estimates,United States of America,29,840,Country/Area,918,1983,3565.27,3490.37,3429.85,3394.38,3357.06,3334.36,3325.67,3330.38,3347.31,3375.32,3416.56,3471.55,3538.00,3608.92,3680.66,3767.81,3875.28,3992.79,4105.08,4215.13,4301.00,4350.16,4370.88,4385.79,4392.59,4377.54,4336.78,4275.98,4204.01,4118.32,4031.36,3950.00,3868.59,3779.21,3688.97,3573.45,3421.45,3248.12,3079.20,2908.88,2762.32,2654.43,2574.34,2496.34,2425.65,2363.80,2309.04,2262.64,2224.49,2190.77,2177.21,2190.40,2220.62,2250.77,2283.28,2306.40,2312.23,2304.65,2297.13,2288.97,2264.52,2217.97,2155.95,2090.71,2019.51,1950.97,1890.55,1834.22,1773.04,1709.38,1641.29,1567.08,1488.70,1409.37,1327.98,1248.77,1174.01,1101.54,1029.01,959.49,880.69,787.10,685.97,588.84,491.85,411.78,357.63,321.28,285.52,258.07,227.14,186.85,139.52,101.05,78.98,64.82,48.41,29.72,21.48,11.71,18.31
18069,Estimates,United States of America,29,840,Country/Area,918,1984,3638.88,3554.65,3484.73,3428.74,3394.25,3363.02,3345.04,3339.86,3347.05,3365.41,3393.75,3435.36,3491.27,3558.82,3630.28,3702.43,3788.82,3893.89,4008.04,4117.05,4223.54,4307.32,4356.80,4379.39,4395.77,4403.84,4390.23,4350.99,4291.56,4221.07,4137.36,4050.00,3964.56,3876.88,3781.54,3684.76,3565.43,3414.17,3244.40,3078.50,2911.50,2766.71,2657.88,2575.15,2494.91,2421.88,2358.34,2303.06,2256.84,2218.53,2184.60,2170.28,2181.82,2209.80,2237.82,2268.25,2289.12,2292.50,2282.42,2272.26,2261.08,2234.76,2188.19,2127.17,2062.76,1992.86,1923.38,1858.39,1795.36,1727.87,1657.52,1585.01,1510.14,1433.48,1355.61,1276.28,1197.43,1120.06,1043.31,967.23,894.09,814.05,722.94,626.70,534.30,442.56,366.58,314.35,278.64,243.91,218.65,190.28,153.17,108.47,75.86,61.02,49.58,36.45,21.62,12.60,20.05
18070,Estimates,United States of America,29,840,Country/Area,918,1985,3706.97,3618.29,3542.88,3480.45,3430.73,3393.43,3368.29,3355.03,3353.37,3363.03,3382.80,3411.49,3453.45,3510.27,3578.89,3650.89,3723.42,3809.05,3911.70,4022.46,4128.18,4231.09,4312.77,4362.55,4387.00,4404.86,4414.21,4402.03,4364.32,4306.28,4237.27,4155.57,4067.82,3978.32,3884.42,3783.13,3679.82,3556.73,3406.23,3240.05,3077.21,2913.55,2770.58,2660.83,2575.45,2493.00,2417.64,2352.41,2296.63,2250.59,2212.15,2178.02,2162.94,2172.83,2198.57,2224.46,2252.81,2271.42,2272.35,2259.77,2246.98,2232.77,2204.61,2158.03,2098.02,2034.45,1965.88,1895.46,1825.93,1756.20,1682.43,1605.40,1528.48,1452.99,1378.05,1301.66,1224.41,1145.95,1065.98,984.97,905.34,828.60,747.32,658.71,567.38,479.72,393.24,321.36,271.06,236.00,202.30,179.23,153.42,119.48,77.43,50.68,43.06,34.34,24.49,13.53,21.72
18071,Estimates,United States of America,29,840,Country/Area,918,1986,3769.98,3703.79,3623.27,3554.17,3496.44,3450.04,3414.67,3390.04,3377.35,3377.03,3388.31,3408.83,3437.72,3479.09,3534.32,3600.61,3670.26,3740.54,3823.35,3922.44,4029.37,4131.25,4229.80,4309.68,4361.63,4390.63,4412.79,4427.14,4417.16,4376.96,4313.61,4239.82,4152.79,4062.33,3974.50,3884.89,3787.26,3688.02,3566.46,3413.32,3241.92,3074.38,2905.69,2759.48,2649.59,2565.99,2484.81,2410.79,2345.96,2288.93,2240.59,2200.07,2163.82,2146.82,2155.21,2179.70,2204.09,2230.75,2247.73,2247.15,2233.04,2218.71,2203.16,2172.64,2122.16,2057.38,1989.18,1915.74,1841.87,1771.18,1701.73,1628.13,1551.69,1474.29,1396.41,1318.03,1238.81,1159.02,1078.98,998.89,918.91,840.44,764.96,686.15,601.58,515.32,431.07,350.36,287.07,240.45,205.43,174.65,154.53,131.81,102.17,65.62,45.81,36.69,26.26,14.52,23.27
18072,Estimates,United States of America,29,840,Country/Area,918,1987,3826.78,3744.77,3700.46,3628.11,3565.32,3512.29,3469.21,3435.76,3411.66,3399.53,3400.56,3413.45,3434.71,3463.81,3504.59,3558.21,3622.18,3689.47,3757.49,3837.48,3933.00,4036.11,4134.15,4228.34,4306.41,4360.53,4394.08,4420.54,4439.89,4432.12,4389.44,4320.77,4242.21,4149.87,4056.69,3970.54,3885.22,3791.27,3696.10,3576.08,3420.30,3243.70,3071.46,2897.74,2748.30,2638.27,2556.45,2476.54,2403.85,2339.42,2281.15,2230.50,2187.92,2149.56,2130.63,2137.52,2160.76,2183.67,2208.63,2223.98,2221.89,2206.26,2190.39,2173.49,2140.62,2086.25,2016.69,1943.88,1865.57,1788.24,1716.40,1647.23,1573.81,1497.96,1420.07,1339.82,1258.01,1175.97,1093.64,1012.02,931.82,852.86,775.54,701.33,624.99,544.46,463.27,382.44,307.49,252.79,209.85,174.87,147.00,129.84,110.20,84.86,53.81,39.22,28.18,15.56,24.72
18073,Estimates,United States of America,29,840,Country/Area,918,1988,3876.80,3803.33,3734.67,3696.88,3632.69,3576.22,3527.89,3488.13,3456.61,3433.03,3421.47,3423.84,3438.35,3460.36,3489.65,3529.83,3581.85,3643.48,3708.42,3774.18,3851.33,3943.28,4042.55,4136.75,4226.58,4302.84,4359.12,4397.22,4427.98,4452.34,4446.77,4401.61,4327.63,4244.32,4146.65,4050.77,3966.31,3885.29,3795.03,3703.92,3585.45,3427.05,3245.25,3068.33,2889.60,2736.95,2626.78,2546.73,2468.10,2396.75,2332.73,2273.22,2220.27,2175.63,2135.15,2114.30,2119.70,2141.69,2163.11,2186.37,2200.08,2196.49,2179.35,2161.93,2143.69,2108.47,2050.21,1975.88,1898.45,1815.28,1734.51,1661.51,1592.63,1519.40,1444.14,1365.78,1283.16,1197.92,1113.06,1028.21,945.02,864.71,786.77,710.61,637.66,563.79,487.31,411.20,333.78,264.61,218.50,179.24,144.31,119.34,105.14,88.60,67.55,42.00,30.08,16.60,26.16
18074,Estimates,United States of America,29,840,Country/Area,918,1989,3920.35,3856.45,3794.38,3734.92,3692.97,3636.95,3586.81,3543.19,3506.76,3477.17,3454.11,3443.12,3446.84,3462.96,3485.71,3515.20,3554.78,3605.19,3664.48,3727.06,3790.54,3864.86,3953.24,4048.66,4139.01,4224.45,4298.90,4357.34,4399.99,4435.04,4464.41,4461.03,4413.40,4334.12,4246.04,4143.07,4044.49,3961.72,3885.02,3798.44,3711.42,3594.51,3433.49,3246.52,3064.93,2881.20,2725.34,2615.05,2536.79,2459.44,2389.44,2325.83,2265.08,2209.84,2163.13,2120.55,2097.78,2101.68,2122.42,2142.34,2163.91,2175.99,2170.88,2152.22,2133.27,2113.69,2076.12,2013.98,1934.88,1852.85,1764.82,1680.61,1606.47,1537.88,1464.84,1390.17,1311.35,1226.36,1137.70,1050.03,962.65,877.90,797.49,720.59,645.59,573.92,502.53,430.10,359.07,285.08,221.69,184.18,148.60,113.71,91.67,80.43,66.97,50.23,30.19,17.56,27.75
18075,Estimates,United States of America,29,840,Country/Area,918,1990,3957.52,3902.81,3847.71,3793.10,3739.86,3688.87,3641.03,3597.22,3558.31,3525.20,3497.55,3475.00,3464.59,3469.65,3487.39,3510.88,3540.57,3579.55,3628.34,3685.30,3745.51,3806.73,3878.20,3963.00,4054.57,4141.05,4222.12,4294.74,4355.33,4402.52,4441.86,4476.22,4475.05,4424.94,4340.36,4247.53,4139.26,4037.99,3956.91,3884.52,3801.63,3718.69,3603.35,3439.72,3247.57,3061.33,2872.61,2713.55,2603.16,2526.68,2450.63,2381.99,2318.80,2256.81,2199.28,2150.50,2105.81,2081.11,2083.52,2103.00,2121.43,2141.30,2151.73,2145.12,2124.94,2104.44,2083.52,2043.60,1977.58,1893.73,1807.08,1714.21,1626.57,1551.28,1482.99,1410.14,1336.08,1256.79,1169.44,1077.36,986.89,896.99,810.68,730.18,654.32,580.49,510.11,441.21,372.84,306.90,236.35,178.74,149.82,117.95,83.11,63.98,55.70,45.34,32.90,18.37,29.58
18076,Estimates,United States of America,29,840,Country/Area,918,1991,3988.79,3954.03,3906.13,3857.44,3808.76,3760.89,3714.72,3671.13,3630.47,3593.37,3560.90,3533.50,3511.10,3498.87,3499.46,3511.13,3528.70,3552.25,3586.71,3633.66,3690.73,3750.68,3811.08,3884.10,3973.81,4072.12,4165.11,4253.42,4329.08,4385.99,4425.25,4457.18,4483.50,4476.33,4424.05,4339.65,4246.41,4138.04,4035.29,3950.34,3872.79,3785.26,3697.39,3579.77,3418.00,3230.25,3048.04,2863.78,2707.19,2595.85,2516.27,2437.52,2365.97,2300.64,2237.99,2180.65,2131.57,2086.35,2060.63,2061.26,2078.37,2094.47,2112.16,2119.51,2108.50,2083.20,2057.61,2031.21,1987.46,1920.24,1836.82,1750.51,1658.60,1570.09,1490.82,1416.82,1338.99,1259.95,1178.05,1091.81,1003.34,916.44,830.66,748.03,670.07,596.18,523.50,456.93,394.51,330.52,266.48,203.09,154.85,129.35,101.27,70.63,56.75,46.10,33.51,18.99,31.70
18077,Estimates,United States of America,29,840,Country/Area,918,1992,4015.71,3973.81,3950.79,3909.68,3867.40,3824.64,3782.14,3740.76,3701.41,3663.90,3628.61,3596.76,3569.61,3547.36,3533.32,3529.45,3535.05,3546.71,3564.15,3594.08,3639.21,3696.39,3756.07,3815.68,3890.25,3984.86,4089.91,4189.39,4284.94,4363.63,4416.88,4448.22,4472.75,4491.02,4477.87,4423.41,4339.19,4245.54,4137.06,4032.83,3944.00,3861.29,3769.11,3676.32,3556.41,3396.48,3213.12,3034.92,2855.10,2700.97,2588.69,2506.01,2424.56,2350.10,2282.63,2219.31,2162.15,2112.77,2067.02,2040.27,2039.12,2053.86,2067.65,2083.16,2087.42,2072.02,2041.60,2010.91,1979.05,1931.46,1863.05,1780.03,1694.05,1603.10,1513.73,1430.47,1350.77,1267.96,1183.94,1099.42,1014.30,929.42,846.08,764.39,685.44,610.01,538.10,466.56,403.80,347.86,288.25,226.09,169.86,130.97,108.88,84.61,58.16,46.25,33.67,19.46,34.05
18078,Estimates,United States of America,29,840,Country/Area,918,1993,4032.29,3997.33,3960.82,3948.82,3914.49,3878.59,3841.75,3804.58,3767.99,3732.86,3698.49,3664.98,3633.76,3606.85,3584.73,3568.88,3560.55,3560.10,3565.86,3577.18,3602.61,3645.92,3703.24,3762.68,3821.50,3897.65,3997.20,4109.00,4215.01,4317.82,4399.57,4449.16,4472.59,4489.74,4499.98,4480.84,4424.19,4340.12,4246.02,4137.39,4031.66,3938.92,3851.03,3754.17,3656.43,3534.20,3376.06,3197.02,3022.77,2847.32,2695.60,2582.34,2496.54,2412.37,2335.00,2265.36,2201.36,2144.36,2094.65,2048.35,2020.57,2017.63,2030.01,2041.48,2054.82,2056.00,2036.20,2000.65,1964.87,1927.53,1876.10,1806.46,1723.83,1638.15,1548.13,1457.86,1370.60,1285.16,1197.35,1108.33,1021.18,937.13,855.82,776.01,698.39,623.08,550.17,480.20,409.79,350.82,301.34,246.08,185.80,136.69,107.15,88.46,67.98,45.72,33.70,19.87,36.39
18079,Estimates,United States of America,29,840,Country/Area,918,1994,4030.62,4008.13,3983.30,3956.52,3949.56,3921.98,3892.44,3861.48,3829.63,3797.79,3766.86,3735.61,3703.87,3673.24,3646.56,3624.56,3606.89,3594.09,3587.59,3587.44,3592.66,3613.61,3655.13,3712.62,3771.86,3829.94,3907.72,4012.26,4130.90,4243.51,4353.65,4438.51,4484.49,4500.03,4509.79,4512.00,4486.86,4427.98,4344.00,4249.39,4140.55,4033.23,3936.52,3843.39,3741.79,3639.03,3514.39,3357.93,3183.08,3012.67,2841.48,2692.06,2577.75,2488.76,2401.83,2321.47,2249.63,2184.90,2128.02,2077.95,2031.06,2002.23,1997.51,2007.53,2016.69,2027.87,2025.96,2001.75,1961.05,1920.14,1877.30,1821.99,1751.08,1668.79,1583.34,1494.19,1402.96,1311.64,1220.41,1127.54,1033.46,943.61,860.59,782.78,706.45,632.84,561.13,490.68,422.61,353.29,298.06,255.01,204.07,145.62,103.62,83.40,68.10,51.40,33.31,20.33,38.38
18080,Estimates,United States of America,29,840,Country/Area,918,1995,4006.43,4004.22,3997.37,3986.35,3971.59,3953.57,3932.73,3909.53,3884.43,3857.88,3830.79,3804.04,3775.88,3745.88,3715.82,3689.35,3667.45,3647.94,3630.65,3618.08,3612.03,3611.14,3627.60,3667.37,3725.09,3784.17,3841.56,3921.03,4030.67,4156.26,4275.56,4393.15,4481.18,4523.58,4531.23,4533.61,4527.78,4496.61,4435.44,4351.49,4256.29,4147.14,4038.14,3937.38,3838.92,3732.48,3624.62,3497.46,3342.55,3171.76,3005.05,2837.98,2690.74,2575.28,2483.03,2393.25,2309.85,2235.74,2170.21,2113.41,2062.94,2015.43,1985.52,1979.00,1986.68,1993.53,2002.56,1997.55,1968.90,1923.01,1876.94,1828.54,1769.30,1697.06,1615.03,1529.76,1441.41,1349.13,1253.67,1156.57,1058.55,959.32,866.70,784.63,710.28,637.36,567.72,499.55,431.51,365.29,297.00,245.48,208.82,162.16,105.50,70.59,59.68,47.76,34.84,20.91,39.81
18081,Estimates,United States of America,29,840,Country/Area,918,1996,3941.76,4027.34,4032.65,4031.78,4025.31,4013.85,3997.95,3978.15,3955.31,3930.15,3903.09,3875.00,3847.04,3816.95,3784.11,3750.80,3721.01,3695.29,3674.17,3658.79,3650.25,3647.75,3650.49,3669.21,3708.88,3764.86,3822.38,3878.24,3955.14,4060.89,4181.74,4296.26,4408.90,4492.57,4531.64,4536.77,4536.63,4528.39,4495.49,4433.51,4349.43,4254.15,4144.84,4036.39,3937.11,3840.58,3736.06,3630.51,3503.63,3345.78,3170.07,2998.68,2826.50,2675.85,2559.89,2468.90,2379.85,2297.06,2222.88,2156.05,2097.06,2044.52,1995.07,1962.30,1951.66,1954.44,1956.39,1960.27,1951.01,1919.61,1871.94,1824.02,1774.04,1712.74,1637.55,1552.12,1463.90,1372.89,1278.67,1182.25,1085.02,987.18,888.52,797.05,716.74,644.71,573.29,507.98,445.78,381.62,316.86,254.93,211.32,179.11,138.43,89.27,62.13,49.73,36.21,21.57,40.48
18082,Estimates,United States of America,29,840,Country/Area,918,1997,3855.01,3924.81,4052.89,4065.73,4070.82,4068.91,4060.74,4046.94,4028.15,4005.65,3980.39,3952.79,3923.67,3894.47,3862.40,3826.70,3790.10,3756.96,3727.38,3704.63,3691.13,3686.62,3687.67,3694.03,3715.03,3754.67,3808.96,3864.99,3919.39,3993.80,4095.78,4212.03,4321.91,4429.72,4509.12,4544.92,4547.53,4544.87,4534.20,4499.55,4436.69,4352.38,4256.90,4147.31,4039.28,3941.38,3846.67,3743.94,3640.59,3513.83,3352.85,3172.03,2995.76,2818.28,2664.05,2547.44,2457.62,2369.18,2286.92,2212.57,2144.37,2083.12,2028.46,1977.01,1941.34,1926.56,1924.44,1921.50,1920.24,1906.72,1872.53,1823.03,1773.20,1721.58,1658.15,1579.92,1491.00,1399.74,1305.96,1209.67,1112.20,1014.72,916.94,818.75,728.32,649.67,579.88,509.87,448.83,392.52,332.17,268.79,213.15,177.40,149.60,114.85,73.14,52.50,38.12,22.35,40.61
18083,Estimates,United States of America,29,840,Country/Area,918,1998,3769.16,3876.39,3962.10,4079.82,4100.20,4111.27,4113.92,4109.03,4097.33,4079.55,4057.38,4032.01,4003.87,3973.71,3943.25,3909.20,3870.61,3830.71,3794.19,3760.74,3736.36,3724.73,3724.26,3728.87,3738.86,3762.15,3801.75,3854.39,3908.94,3961.88,4033.83,4132.07,4243.76,4349.01,4452.03,4527.18,4559.72,4559.80,4554.62,4541.52,4505.10,4441.33,4356.77,4261.06,4151.16,4043.52,3946.96,3854.04,3753.07,3651.88,3525.20,3361.04,3175.03,2993.83,2810.98,2653.11,2535.81,2447.13,2359.28,2277.52,2202.99,2133.39,2069.84,2013.05,1959.57,1920.99,1902.06,1895.05,1887.20,1880.79,1862.99,1826.01,1774.65,1722.90,1669.61,1604.03,1522.73,1430.28,1335.94,1239.36,1140.97,1042.41,944.66,846.91,749.14,659.73,582.71,515.15,446.54,389.74,339.32,282.76,220.75,171.38,143.49,120.11,91.28,57.00,40.29,23.18,40.43
18084,Estimates,United States of America,29,840,Country/Area,918,1999,3716.24,3841.99,3944.64,4025.98,4103.80,4131.71,4148.76,4155.97,4154.38,4144.79,4128.03,4106.20,4080.76,4052.09,4020.91,3989.22,3953.20,3911.75,3868.57,3828.71,3791.40,3765.40,3755.66,3759.22,3767.39,3781.02,3806.58,3846.12,3897.05,3950.08,4001.54,4070.97,4165.39,4272.43,4372.98,4471.12,4541.96,4571.21,4568.77,4561.07,4545.53,4507.37,4442.74,4357.98,4262.12,4151.98,4044.81,3949.66,3858.60,3759.47,3660.53,3534.02,3366.80,3175.73,2989.71,2801.63,2640.22,2522.33,2434.85,2347.65,2266.44,2191.79,2120.83,2055.05,1996.15,1940.69,1899.22,1876.16,1864.24,1851.48,1839.93,1817.86,1778.10,1724.93,1671.29,1616.38,1548.69,1464.37,1368.45,1271.10,1171.79,1071.38,971.80,873.84,776.19,678.92,590.58,515.27,449.98,382.81,330.31,285.81,233.09,172.49,129.44,109.44,90.49,67.61,40.81,23.95,40.25
18085,Estimates,United States of America,29,840,Country/Area,918,2000,3718.19,3833.24,3930.02,4009.69,4073.44,4122.43,4157.84,4180.84,4192.60,4194.30,4186.84,4171.12,4149.66,4124.17,4095.01,4062.85,4029.97,3992.04,3947.77,3901.37,3858.22,3817.11,3789.52,3781.69,3789.28,3800.99,3818.24,3846.03,3885.47,3934.63,3986.07,4035.97,4102.80,4193.27,4295.54,4391.25,4484.40,4550.84,4576.77,4571.81,4561.60,4543.65,4503.80,4438.40,4353.55,4257.66,4147.42,4040.85,3947.25,3858.16,3760.99,3664.42,3538.25,3368.18,3172.31,2981.73,2788.65,2623.93,2505.58,2419.43,2332.99,2252.45,2177.75,2105.54,2037.60,1976.68,1919.31,1875.01,1847.84,1831.04,1813.40,1796.72,1770.42,1727.93,1673.01,1617.56,1561.09,1491.39,1404.16,1304.91,1204.68,1102.77,1000.45,899.98,801.95,704.53,607.88,520.74,447.21,384.28,318.64,270.50,231.99,183.17,124.05,87.37,75.27,60.78,43.88,24.58,40.32
18086,Estimates,United States of America,29,840,Country/Area,918,2001,3802.69,3753.34,3850.46,3937.98,4015.50,4082.64,4140.63,4190.66,4224.39,4238.26,4236.67,4228.53,4213.21,4191.60,4165.42,4135.12,4101.58,4067.22,4027.23,3980.18,3930.62,3884.28,3839.68,3809.96,3802.13,3811.04,3823.85,3842.30,3870.59,3909.28,3956.84,4006.88,4055.45,4120.62,4209.04,4309.03,4402.45,4493.22,4557.67,4582.26,4576.42,4565.28,4546.41,4505.80,4439.81,4354.47,4258.12,4147.48,4040.32,3945.81,3855.61,3757.33,3659.62,3532.27,3360.98,3163.85,2971.91,2777.34,2611.25,2491.77,2404.57,2316.93,2235.06,2158.69,2084.27,2013.73,1950.07,1889.77,1842.30,1811.73,1791.31,1770.07,1750.06,1719.49,1671.34,1610.07,1548.71,1486.46,1412.74,1324.18,1225.53,1126.13,1025.57,925.20,827.11,731.92,635.83,543.77,465.27,396.05,333.68,274.07,232.95,199.02,156.30,104.81,77.25,62.47,45.12,25.19,40.90
18087,Estimates,United States of America,29,840,Country/Area,918,2002,3939.42,3934.54,3781.86,3860.85,3938.93,4014.15,4084.58,4151.47,4216.06,4260.49,4276.45,4271.56,4262.76,4247.86,4226.13,4199.32,4167.93,4133.07,4097.28,4055.30,4005.54,3952.91,3903.46,3855.45,3823.63,3815.81,3826.05,3839.93,3859.55,3888.30,3926.16,3972.04,4020.58,4067.73,4131.12,4217.33,4314.86,4405.81,4494.03,4556.38,4579.59,4572.88,4560.83,4541.08,4499.77,4433.31,4347.63,4250.99,4140.14,4032.58,3937.33,3846.17,3746.96,3648.29,3519.98,3347.77,3149.73,2956.78,2761.06,2593.90,2473.50,2385.41,2296.71,2213.67,2135.74,2059.26,1986.24,1919.94,1856.81,1806.25,1772.33,1748.31,1723.51,1700.19,1665.41,1611.67,1544.15,1476.99,1409.05,1331.45,1241.70,1143.82,1045.44,946.41,848.17,752.64,660.47,565.89,478.57,408.88,344.10,282.40,228.94,194.92,165.64,129.12,85.35,63.53,45.94,25.68,41.74
18088,Estimates,United States of America,29,840,Country/Area,918,2003,4100.27,4010.21,3953.97,3806.72,3867.52,3936.09,4008.94,4082.59,4158.31,4237.39,4292.46,4310.50,4302.33,4292.86,4278.39,4256.57,4229.15,4196.71,4160.56,4123.38,4079.46,4027.04,3971.38,3918.87,3867.50,3833.62,3825.82,3837.37,3852.31,3873.08,3902.25,3939.26,3983.41,4030.41,4076.09,4137.64,4221.56,4316.54,4404.94,4490.53,4550.71,4572.53,4564.95,4552.00,4531.39,4489.43,4422.55,4336.62,4239.78,4128.84,4020.98,3925.09,3833.05,3733.01,3633.47,3504.32,3331.36,3132.61,2938.83,2742.14,2574.07,2452.88,2363.98,2274.31,2190.17,2110.76,2032.29,1956.86,1887.99,1822.09,1768.50,1731.27,1703.68,1675.34,1648.75,1609.79,1550.51,1476.82,1403.92,1330.36,1248.95,1158.11,1061.10,963.82,866.42,770.39,677.52,588.45,495.46,412.98,352.15,291.86,230.90,183.63,156.74,132.13,101.83,65.83,46.47,26.09,42.79
18089,Estimates,United States of America,29,840,Country/Area,918,2004,4245.19,4084.24,3973.51,3907.06,3831.93,3874.57,3933.66,4004.16,4081.02,4165.57,4259.11,4324.82,4344.93,4333.47,4323.36,4309.32,4287.40,4259.37,4225.87,4188.43,4149.86,4103.98,4048.91,3990.23,3934.66,3879.92,3843.99,3836.21,3849.06,3865.06,3886.99,3916.59,3952.74,3995.17,4040.64,4084.85,4144.57,4226.22,4318.66,4404.52,4487.49,4545.52,4565.95,4557.50,4543.66,4522.17,4479.57,4412.27,4326.07,4229.03,4117.98,4009.81,3913.27,3820.35,3719.46,3619.05,3489.05,3315.33,3115.83,2921.21,2723.54,2554.55,2432.54,2342.83,2252.18,2166.93,2086.04,2005.57,1927.73,1856.29,1787.63,1731.00,1690.46,1659.31,1627.42,1597.56,1554.42,1489.61,1409.75,1331.11,1251.95,1166.71,1074.78,978.63,882.44,786.65,692.83,602.59,516.61,425.21,347.55,295.55,239.74,179.51,138.41,118.64,98.69,74.60,46.34,26.49,43.95
18090,Estimates,United States of America,29,840,Country/Area,918,2005,4344.43,4144.42,4002.51,3912.09,3866.59,3859.39,3883.92,3933.57,4001.76,4081.88,4175.29,4283.35,4359.72,4381.91,4367.17,4356.39,4342.77,4320.75,4292.08,4257.52,4218.76,4178.78,4130.93,4073.16,4011.43,3952.77,3894.64,3856.63,3848.87,3863.03,3880.10,3903.19,3933.23,3968.55,4009.30,4053.26,4096.04,4153.97,4233.39,4323.35,4406.72,4487.12,4543.04,4562.09,4552.77,4538.03,4515.66,4472.38,4404.63,4318.11,4220.81,4109.57,4001.03,3903.78,3809.93,3708.13,3606.79,3475.87,3301.27,3100.93,2905.34,2706.58,2536.56,2413.66,2323.09,2231.41,2145.01,2062.59,1980.07,1899.78,1825.73,1754.26,1694.56,1650.69,1615.96,1580.52,1547.37,1500.04,1429.66,1343.58,1259.17,1174.35,1085.26,992.17,896.81,801.67,707.43,615.75,528.10,445.16,355.27,282.38,239.18,187.81,128.27,93.32,80.64,65.35,47.44,26.91,45.15
18091,Estimates,United States of America,29,840,Country/Area,918,2006,4385.18,4300.97,4139.19,4024.42,3951.57,3915.57,3910.23,3929.39,3973.45,4039.50,4119.19,4208.52,4310.06,4380.45,4398.17,4380.03,4365.44,4347.82,4322.94,4293.03,4258.44,4219.74,4179.83,4133.13,4077.92,4019.52,3964.18,3909.66,3873.72,3865.54,3877.63,3892.78,3913.80,3941.77,3975.32,4014.46,4056.62,4097.51,4153.60,4231.24,4319.52,4401.23,4479.83,4534.67,4553.72,4545.05,4530.85,4509.17,4465.79,4396.65,4307.91,4208.54,4095.22,3984.71,3885.75,3790.41,3686.97,3583.79,3451.56,3276.47,3076.06,2880.29,2681.42,2510.51,2385.51,2292.04,2197.51,2108.15,2022.92,1937.95,1855.41,1778.99,1705.10,1642.89,1596.33,1558.83,1520.83,1485.46,1435.55,1361.98,1272.53,1185.26,1097.93,1007.58,914.97,821.49,726.50,636.34,552.79,469.53,387.11,305.37,243.97,205.84,160.72,108.60,81.72,66.11,47.97,27.32,46.36
18092,Estimates,United States of America,29,840,Country/Area,918,2007,4383.21,4211.19,4261.18,4137.46,4049.71,3994.36,3967.82,3964.35,3978.16,4016.66,4080.64,4159.97,4245.29,4340.41,4404.86,4418.14,4396.59,4378.17,4356.55,4328.78,4297.61,4262.97,4224.29,4184.42,4138.84,4086.12,4031.01,3978.94,3927.98,3894.07,3885.47,3895.49,3908.74,3927.70,3953.64,3985.44,4023.01,4063.41,4102.46,4156.74,4232.66,4319.36,4399.46,4476.33,4530.15,4549.22,4541.18,4527.51,4506.50,4462.98,4392.39,4301.35,4199.83,4084.35,3971.77,3871.03,3774.10,3668.93,3563.84,3430.19,3254.44,3053.81,2857.69,2658.53,2486.60,2359.40,2262.95,2165.50,2073.09,1984.98,1897.49,1812.64,1733.78,1657.42,1592.63,1543.36,1503.06,1462.47,1424.84,1372.32,1295.49,1202.60,1112.40,1022.49,930.80,838.59,746.91,651.99,565.84,490.33,411.39,329.43,255.75,205.78,172.69,133.77,89.02,67.06,48.62,27.81,47.72
18093,Estimates,United States of America,29,840,Country/Area,918,2008,4344.23,4223.23,4131.90,4223.11,4137.43,4076.68,4038.81,4021.74,4020.11,4028.59,4061.53,4123.47,4202.46,4283.81,4372.54,4431.10,4439.92,4414.96,4392.70,4367.06,4336.40,4303.96,4269.24,4230.57,4190.73,4146.23,4095.99,4044.15,3995.33,3947.91,3916.03,3907.00,3914.96,3926.31,3943.22,3967.13,3997.20,4033.22,4071.86,4109.08,4161.59,4235.82,4320.95,4399.49,4474.66,4527.47,4546.56,4539.15,4526.01,4505.66,4461.99,4389.92,4296.55,4192.84,4075.13,3960.44,3857.87,3759.31,3652.38,3545.33,3410.21,3233.73,3032.79,2836.24,2636.72,2463.68,2334.23,2234.76,2134.34,2038.86,1947.82,1857.77,1770.59,1689.25,1610.38,1543.00,1490.98,1447.87,1404.66,1364.77,1309.60,1229.49,1133.12,1039.94,947.42,854.34,762.50,672.57,577.69,495.52,428.03,353.38,271.84,206.21,167.66,139.59,106.86,69.47,49.55,28.41,49.19
18094,Estimates,United States of America,29,840,Country/Area,918,2009,4279.51,4216.54,4166.32,4128.09,4184.17,4136.57,4102.87,4082.50,4074.90,4075.13,4078.26,4105.65,4165.52,4244.17,4321.52,4403.84,4456.48,4460.85,4432.47,4406.38,4376.71,4343.16,4309.45,4274.68,4236.02,4196.21,4152.81,4105.07,4056.49,4010.94,3967.07,3937.22,3927.76,3933.66,3943.12,3957.97,3979.84,4008.17,4042.62,4079.51,4114.89,4165.61,4238.15,4321.70,4398.64,4472.10,4523.89,4543.00,4536.22,4523.62,4503.93,4460.11,4386.58,4290.89,4185.00,4065.09,3948.31,3843.93,3743.77,3635.08,3526.08,3389.52,3212.35,3011.15,2814.20,2614.35,2440.25,2308.56,2206.09,2102.73,2004.19,1910.24,1817.65,1728.14,1644.34,1562.97,1493.00,1438.25,1392.32,1346.51,1304.36,1246.56,1163.17,1063.34,967.21,872.08,777.64,686.19,598.03,503.21,425.03,365.58,295.24,214.14,156.57,129.46,106.43,79.91,49.89,29.22,50.75
18095,Estimates,United States of America,29,840,Country/Area,918,2010,4199.65,4190.30,4179.03,4166.77,4154.48,4143.13,4133.65,4127.00,4124.15,4126.03,4128.12,4125.89,4147.71,4205.50,4283.75,4357.07,4432.94,4479.64,4479.55,4447.76,4417.86,4384.18,4347.76,4312.79,4277.97,4239.34,4199.58,4157.31,4112.08,4066.81,4024.54,3984.24,3956.44,3946.56,3950.39,3957.94,3970.73,3990.55,4017.13,4050.00,4085.11,4118.64,4167.55,4238.34,4320.27,4395.59,4467.30,4518.04,4537.16,4531.02,4518.94,4499.93,4455.99,4381.03,4283.06,4175.05,4053.00,3934.18,3828.04,3726.32,3615.94,3505.06,3367.11,3189.35,2987.97,2790.72,2590.65,2415.57,2281.72,2176.30,2070.05,1968.50,1871.68,1776.60,1684.80,1598.59,1514.76,1442.23,1384.77,1336.06,1287.66,1243.27,1182.86,1096.24,992.99,893.95,796.27,700.52,609.50,523.17,428.45,354.30,302.93,236.93,156.32,106.85,91.19,73.21,52.91,30.28,52.39
18096,Estimates,United States of America,29,840,Country/Area,918,2011,4107.47,4199.05,4195.12,4186.82,4175.61,4162.99,4149.74,4136.66,4128.65,4128.58,4135.85,4142.39,4144.22,4170.08,4231.67,4313.43,4390.19,4469.50,4518.38,4518.65,4485.91,4454.92,4419.86,4381.80,4345.12,4308.49,4267.77,4225.70,4181.22,4134.03,4086.98,4042.84,4000.64,3971.03,3959.51,3961.81,3967.81,3979.05,3997.34,4022.40,4053.75,4087.32,4119.32,4166.53,4235.42,4315.29,4388.56,4458.22,4506.87,4523.86,4515.56,4501.35,4480.18,4434.24,4357.48,4257.88,4148.26,4024.69,3904.31,3796.52,3693.12,3581.12,3468.59,3329.30,3150.68,2948.71,2750.82,2550.10,2374.14,2239.00,2131.99,2024.12,1920.85,1822.23,1725.26,1631.49,1543.34,1457.85,1382.85,1321.69,1268.67,1216.44,1168.50,1105.74,1018.53,916.11,816.10,721.75,633.66,545.83,458.24,371.07,307.95,262.21,203.93,133.11,95.82,76.98,55.58,31.65,54.14
18097,Estimates,United States of America,29,840,Country/Area,918,2012,4001.13,4084.65,4198.58,4200.08,4194.75,4184.60,4171.63,4156.49,4139.80,4130.43,4133.14,4145.81,4156.80,4162.69,4192.59,4258.00,4343.26,4423.47,4506.24,4557.30,4557.92,4524.24,4492.16,4455.72,4416.02,4377.62,4339.17,4296.36,4251.96,4205.27,4156.13,4107.29,4061.29,4017.16,3985.76,3972.59,3973.35,3977.81,3987.50,4004.26,4027.81,4057.62,4089.65,4120.12,4165.65,4232.64,4310.45,4381.67,4449.28,4495.83,4510.68,4500.23,4483.87,4460.55,4412.60,4334.05,4232.80,4121.58,3996.48,3874.53,3765.08,3660.00,3546.37,3432.18,3291.56,3112.06,2909.51,2710.96,2509.60,2332.74,2196.30,2087.71,1978.21,1873.22,1772.79,1673.94,1578.18,1488.09,1400.92,1323.45,1258.58,1201.25,1145.19,1093.69,1028.57,940.78,839.18,738.21,647.17,566.75,482.12,393.26,313.64,261.56,221.46,170.90,109.88,81.59,58.88,33.29,56.01
18098,Estimates,United States of America,29,840,Country/Area,918,2013,3895.88,4015.13,4103.62,4197.25,4204.17,4201.82,4192.72,4179.42,4162.38,4142.09,4131.36,4136.85,4154.92,4170.36,4180.31,4214.26,4283.46,4372.22,4455.86,4542.06,4595.30,4596.27,4561.64,4528.48,4490.66,4449.34,4409.23,4368.96,4324.07,4277.36,4228.46,4177.37,4126.75,4078.89,4032.86,3999.66,3984.85,3984.08,3986.99,3995.13,4010.35,4032.37,4060.66,4091.14,4120.07,4163.91,4228.97,4304.71,4373.86,4439.41,4483.85,4496.56,4483.96,4465.46,4439.99,4390.03,4309.70,4206.83,4094.02,3967.41,3843.93,3732.83,3626.10,3510.86,3395.04,3253.10,3072.78,2869.67,2670.51,2468.54,2290.83,2153.12,2042.96,1931.86,1825.17,1722.94,1622.23,1524.50,1432.50,1343.67,1263.73,1195.17,1133.54,1073.65,1018.61,951.14,862.78,762.03,660.11,572.41,499.68,418.26,328.16,256.12,215.08,180.63,137.81,86.61,62.72,35.23,58.27
18099,Estimates,United States of America,29,840,Country/Area,918,2014,3811.81,3951.88,4058.27,4134.91,4194.35,4206.69,4207.32,4199.28,4185.65,4166.73,4142.83,4130.75,4139.03,4162.49,4182.37,4196.38,4234.35,4307.32,4399.54,4486.58,4576.19,4631.59,4632.90,4597.35,4563.12,4523.94,4481.00,4439.19,4397.13,4350.16,4301.16,4250.07,4197.05,4144.68,4094.98,4047.06,4012.07,3995.63,3993.32,3994.68,4001.26,4014.94,4035.43,4062.18,4091.10,4118.48,4160.61,4223.73,4297.36,4364.43,4427.88,4470.20,4480.76,4466.01,4445.38,4417.77,4365.83,4283.75,4179.29,4064.94,3936.87,3811.89,3699.20,3590.84,3474.04,3356.63,3213.44,3032.34,2828.77,2629.07,2426.56,2248.06,2109.13,1997.45,1884.79,1776.45,1672.46,1569.92,1470.26,1376.38,1285.92,1203.55,1131.32,1065.41,1001.72,943.15,873.37,784.46,684.59,581.77,497.45,432.42,354.26,262.95,198.51,168.53,139.75,104.67,63.31,37.47,61.24
18100,Estimates,United States of America,29,840,Country/Area,918,2015,3763.05,3905.36,4015.59,4097.32,4154.15,4189.65,4207.41,4211.01,4204.04,4190.08,4169.28,4141.80,4128.37,4139.42,4168.26,4192.57,4210.62,4252.61,4329.32,4424.95,4515.35,4608.32,4665.85,4667.52,4631.05,4595.77,4555.24,4510.71,4467.22,4423.38,4374.37,4323.10,4269.84,4214.92,4160.82,4109.30,4059.51,4022.75,4004.68,4000.84,4000.65,4005.67,4017.81,4036.76,4061.95,4089.31,4115.13,4155.53,4216.68,4288.18,4353.13,4414.47,4454.65,4463.06,4446.17,4423.41,4393.67,4339.77,4255.98,4149.99,4034.14,3904.67,3778.25,3664.01,3554.08,3435.76,3316.83,3172.44,2990.65,2786.69,2586.53,2383.58,2204.37,2064.29,1951.13,1836.96,1727.00,1621.31,1516.98,1415.44,1319.71,1227.67,1142.91,1067.04,996.88,929.42,867.36,795.29,705.88,606.94,503.25,422.34,365.05,290.16,197.68,140.86,121.95,98.84,71.52,40.00,65.16
18101,Estimates,United States of America,29,840,Country/Area,918,2016,3764.43,3801.20,3921.20,4017.09,4091.25,4146.05,4184.91,4211.26,4222.16,4217.85,4203.89,4185.62,4162.01,4152.43,4167.14,4199.35,4226.96,4248.32,4292.35,4369.29,4463.85,4553.06,4644.54,4700.36,4700.25,4661.92,4624.53,4581.67,4534.92,4489.45,4443.80,4392.92,4339.74,4284.73,4228.25,4172.74,4119.81,4068.63,4030.53,4011.17,4006.07,4004.60,4008.32,4019.06,4036.50,4060.07,4085.76,4109.88,4148.36,4207.29,4276.36,4338.85,4397.73,4435.39,4441.24,4421.79,4396.45,4364.11,4307.84,4222.07,4114.34,3996.78,3865.72,3737.51,3621.14,3508.89,3388.35,3267.16,3120.95,2938.01,2733.31,2532.36,2328.69,2148.44,2006.79,1891.70,1775.75,1664.11,1556.64,1450.43,1346.98,1249.65,1156.44,1070.40,992.95,921.32,851.83,791.99,722.75,635.24,535.70,439.49,370.22,318.64,251.73,169.50,129.74,105.42,76.48,42.91,70.25
18102,Estimates,United States of America,29,840,Country/Area,918,2017,3802.22,3886.03,3836.64,3934.21,4015.68,4082.20,4134.92,4177.11,4212.05,4230.26,4228.62,4214.67,4198.94,4179.21,4173.51,4191.86,4227.42,4258.32,4282.97,4329.03,4406.13,4499.55,4587.50,4677.43,4731.48,4729.60,4689.44,4649.96,4604.80,4555.85,4508.44,4461.01,4408.29,4353.25,4296.52,4238.53,4181.64,4127.34,4074.80,4035.38,4014.76,4008.40,4005.65,4008.05,4017.40,4033.31,4055.24,4079.24,4101.63,4138.16,4194.82,4261.41,4321.41,4377.77,4412.88,4416.17,4394.17,4366.28,4331.34,4272.75,4185.06,4075.68,3956.49,3823.92,3694.01,3575.59,3461.10,3338.43,3215.07,3067.15,2883.19,2677.89,2476.29,2272.05,2090.90,1947.77,1830.84,1713.18,1599.94,1490.77,1382.74,1277.47,1178.61,1084.30,997.04,918.06,845.00,773.54,715.97,649.61,564.06,463.99,375.34,317.78,271.94,213.08,141.17,112.18,81.64,46.07,76.24
18103,Estimates,United States of America,29,840,Country/Area,918,2018,3864.29,3898.59,3933.11,3870.21,3945.32,4012.33,4071.18,4121.80,4167.30,4210.81,4236.31,4237.34,4223.40,4210.23,4194.39,4192.56,4214.55,4253.44,4287.62,4315.56,4363.61,4440.84,4533.09,4619.73,4708.05,4760.32,4756.66,4714.70,4673.14,4625.71,4574.59,4525.25,4476.07,4421.54,4364.66,4306.23,4246.76,4188.53,4132.89,4079.00,4038.29,4016.41,4008.80,4004.77,4005.85,4013.79,4028.18,4048.45,4070.75,4091.41,4125.96,4180.33,4244.40,4301.88,4355.70,4388.25,4388.97,4364.43,4334.00,4296.48,4235.60,4146.03,4035.05,3914.29,3780.28,3648.74,3528.32,3411.66,3286.91,3161.44,3011.87,2826.98,2621.18,2419.04,2214.32,2032.36,1887.82,1769.11,1649.80,1535.00,1424.18,1314.39,1207.35,1107.00,1011.64,923.20,842.73,768.28,694.88,639.61,576.17,492.61,392.07,311.01,265.19,225.12,174.32,112.78,86.85,49.39,82.91
18104,Estimates,United States of America,29,840,Country/Area,918,2019,3931.97,3919.50,3919.46,3930.16,3903.01,3955.64,4008.19,4059.36,4107.87,4156.68,4208.74,4241.52,4245.22,4231.31,4220.68,4208.74,4210.78,4236.40,4278.62,4316.06,4347.27,4397.31,4474.66,4565.70,4651.03,4737.73,4788.21,4782.77,4739.00,4695.39,4645.69,4592.42,4541.17,4490.24,4433.91,4375.20,4315.10,4254.15,4194.59,4137.61,4082.41,4040.41,4017.26,4008.40,4003.09,4002.87,4009.40,4022.26,4040.87,4061.47,4080.38,4112.96,4165.03,4226.57,4281.52,4332.80,4362.77,4360.92,4333.85,4300.88,4260.81,4197.64,4106.21,3993.65,3871.35,3735.93,3602.79,3480.39,3361.57,3234.77,3107.23,2956.04,2770.25,2564.00,2361.34,2156.20,1973.45,1827.54,1707.06,1586.13,1469.80,1357.37,1245.84,1137.04,1035.22,938.83,849.23,767.29,691.46,616.13,563.17,502.66,421.12,320.11,246.67,212.58,178.29,135.55,84.37,52.73,89.95
18105,Estimates,United States of America,29,840,Country/Area,918,2020,3990.82,3943.85,3917.33,3908.74,3915.59,3935.35,3965.53,4003.63,4047.12,4093.52,4145.62,4206.22,4246.27,4252.64,4238.74,4230.67,4222.62,4228.53,4257.78,4303.31,4344.00,4378.49,4430.50,4507.96,4597.79,4681.79,4766.87,4815.55,4808.34,4762.78,4717.11,4665.16,4609.73,4556.57,4503.91,4445.79,4385.26,4323.49,4261.07,4200.19,4141.89,4085.36,4042.08,4017.69,4007.58,4000.99,3999.46,4004.59,4015.90,4032.86,4051.75,4068.93,4099.53,4149.29,4208.30,4260.72,4309.44,4336.84,4332.43,4302.84,4267.34,4224.70,4159.26,4065.98,3951.86,3828.03,3691.22,3556.48,3432.13,3311.17,3182.33,3052.72,2899.94,2713.27,2506.59,2303.45,2097.89,1914.39,1767.11,1644.89,1522.35,1404.51,1290.46,1177.21,1066.67,963.40,865.99,775.24,691.84,614.64,537.39,486.74,429.17,349.65,248.19,182.36,160.00,131.48,96.81,55.99,97.10